{
  "model": {
    "type": "range_dispatch",
    "property": "custom_model_data",
    "entries": [
      {
        "threshold": 1,
        "model": {
          "type": "model",
          "model": "minecraft:item/stock_crate"
        }
      },
      {
        "threshold": 2,
        "model": {
          "type": "model",
          "model": "minecraft:item/leader_crate"
        }
      },
      {
        "threshold": 3,
        "model": {
          "type": "model",
          "model": "minecraft:item/daily_crate"
        }
      }
    
    ],
    "fallback": {
      "type": "model",
      "model": "item/feather"
    }
  }
}