{
	"format_version": "1.21.6",
	"credit": "Made with Blockbench",
	"texture_size": [128, 128],
	"textures": {
		"0": "item/car",
		"particle": "item/car"
	},
	"elements": [
		{
			"from": [-11, 5, 1],
			"to": [-10, 6, 21],
			"rotation": {"angle": 0, "axis": "y", "origin": [-12, 5, 1]},
			"faces": {
				"north": {"uv": [9, 6, 9.125, 6.125], "texture": "#0"},
				"east": {"uv": [10.625, 5.125, 13.125, 5.25], "texture": "#0"},
				"south": {"uv": [8.375, 10.125, 8.5, 10.25], "texture": "#0"},
				"west": {"uv": [11.25, 3.5, 13.75, 3.625], "texture": "#0"},
				"up": {"uv": [1.625, 12.875, 1.5, 10.375], "texture": "#0"},
				"down": {"uv": [1.75, 10.375, 1.625, 12.875], "texture": "#0"}
			}
		},
		{
			"from": [-16, 5.25, 21],
			"to": [-4, 6.25, 22],
			"rotation": {"angle": 45, "axis": "z", "origin": [-10, 5.25, 21]},
			"faces": {
				"north": {"uv": [6.875, 9.125, 8.375, 9.25], "texture": "#0"},
				"east": {"uv": [7.75, 10.375, 7.875, 10.5], "texture": "#0"},
				"south": {"uv": [12.25, 0.625, 13.75, 0.75], "texture": "#0"},
				"west": {"uv": [7.375, 10.625, 7.5, 10.75], "texture": "#0"},
				"up": {"uv": [8.875, 12.375, 7.375, 12.25], "texture": "#0"},
				"down": {"uv": [13.75, 7.375, 12.25, 7.5], "texture": "#0"}
			}
		},
		{
			"from": [-16, 0, 20.5],
			"to": [-5, 2, 22.5],
			"rotation": {"angle": 0, "axis": "y", "origin": [-7, 0, 21]},
			"faces": {
				"north": {"uv": [9, 10.5, 10.375, 10.75], "texture": "#0"},
				"east": {"uv": [2.375, 5.25, 2.625, 5.5], "texture": "#0"},
				"south": {"uv": [10.375, 10.5, 11.75, 10.75], "texture": "#0"},
				"west": {"uv": [6.875, 7.25, 7.125, 7.5], "texture": "#0"},
				"up": {"uv": [1.375, 10.875, 0, 10.625], "texture": "#0"},
				"down": {"uv": [12, 4.375, 10.625, 4.625], "texture": "#0"}
			}
		},
		{
			"from": [-16, 9, 20.5],
			"to": [-5, 11, 22.5],
			"rotation": {"angle": 0, "axis": "y", "origin": [-7, 9, 21]},
			"faces": {
				"north": {"uv": [10.625, 4.625, 12, 4.875], "texture": "#0"},
				"east": {"uv": [9.5, 1.25, 9.75, 1.5], "texture": "#0"},
				"south": {"uv": [10.625, 4.875, 12, 5.125], "texture": "#0"},
				"west": {"uv": [9, 9.75, 9.25, 10], "texture": "#0"},
				"up": {"uv": [7.375, 10.875, 6, 10.625], "texture": "#0"},
				"down": {"uv": [4.75, 10.75, 3.375, 11], "texture": "#0"}
			}
		},
		{
			"from": [-7, 2, 20.5],
			"to": [-5, 9, 22.5],
			"rotation": {"angle": 0, "axis": "z", "origin": [-5, 9, 21]},
			"faces": {
				"north": {"uv": [7, 11.375, 7.25, 12.25], "texture": "#0"},
				"east": {"uv": [7.25, 11.375, 7.5, 12.25], "texture": "#0"},
				"south": {"uv": [7.5, 11.375, 7.75, 12.25], "texture": "#0"},
				"west": {"uv": [7.75, 11.375, 8, 12.25], "texture": "#0"},
				"up": {"uv": [12.75, 7, 12.5, 6.75], "texture": "#0"},
				"down": {"uv": [12.875, 0.75, 12.625, 1], "texture": "#0"}
			}
		},
		{
			"from": [-16, 2, 20.5],
			"to": [-14, 9, 22.5],
			"rotation": {"angle": 0, "axis": "z", "origin": [-14, 9, 21]},
			"faces": {
				"north": {"uv": [8, 11.375, 8.25, 12.25], "texture": "#0"},
				"east": {"uv": [8.25, 11.375, 8.5, 12.25], "texture": "#0"},
				"south": {"uv": [8.5, 11.375, 8.75, 12.25], "texture": "#0"},
				"west": {"uv": [8.75, 11.375, 9, 12.25], "texture": "#0"},
				"up": {"uv": [12.875, 1.25, 12.625, 1], "texture": "#0"},
				"down": {"uv": [12.875, 3, 12.625, 3.25], "texture": "#0"}
			}
		},
		{
			"from": [-14, 5, 21],
			"to": [-7, 6, 22],
			"rotation": {"angle": 0, "axis": "y", "origin": [-9, 5, 21]},
			"faces": {
				"north": {"uv": [6.5, 11.125, 7.375, 11.25], "texture": "#0"},
				"east": {"uv": [11.75, 7.375, 11.875, 7.5], "texture": "#0"},
				"south": {"uv": [0.25, 12.5, 1.125, 12.625], "texture": "#0"},
				"west": {"uv": [11.875, 7.375, 12, 7.5], "texture": "#0"},
				"up": {"uv": [13.375, 1.375, 12.5, 1.25], "texture": "#0"},
				"down": {"uv": [13.375, 1.375, 12.5, 1.5], "texture": "#0"}
			}
		},
		{
			"from": [-11, 2, 21],
			"to": [-10, 9, 22],
			"rotation": {"angle": 0, "axis": "z", "origin": [-11, 4, 21]},
			"faces": {
				"north": {"uv": [4.875, 10.25, 5, 11.125], "texture": "#0"},
				"east": {"uv": [1.125, 12.5, 1.25, 13.375], "texture": "#0"},
				"south": {"uv": [3.75, 12.5, 3.875, 13.375], "texture": "#0"},
				"west": {"uv": [3.875, 12.5, 4, 13.375], "texture": "#0"},
				"up": {"uv": [12.125, 4.5, 12, 4.375], "texture": "#0"},
				"down": {"uv": [12.125, 4.5, 12, 4.625], "texture": "#0"}
			}
		},
		{
			"from": [-11, -0.75, 21],
			"to": [-10, 10.25, 22],
			"rotation": {"angle": 45, "axis": "z", "origin": [-11, 5.25, 21]},
			"faces": {
				"north": {"uv": [12, 12.25, 12.125, 13.625], "texture": "#0"},
				"east": {"uv": [12.125, 12.25, 12.25, 13.625], "texture": "#0"},
				"south": {"uv": [2.375, 12.375, 2.5, 13.75], "texture": "#0"},
				"west": {"uv": [2.5, 12.375, 2.625, 13.75], "texture": "#0"},
				"up": {"uv": [12.625, 7.125, 12.5, 7], "texture": "#0"},
				"down": {"uv": [12.75, 7, 12.625, 7.125], "texture": "#0"}
			}
		},
		{
			"from": [-16, 5.25, 0],
			"to": [-4, 6.25, 1],
			"rotation": {"angle": 45, "axis": "z", "origin": [-10, 5.25, 0]},
			"faces": {
				"north": {"uv": [12.25, 8, 13.75, 8.125], "texture": "#0"},
				"east": {"uv": [12.625, 12.5, 12.75, 12.625], "texture": "#0"},
				"south": {"uv": [12.25, 8.125, 13.75, 8.25], "texture": "#0"},
				"west": {"uv": [12.75, 7, 12.875, 7.125], "texture": "#0"},
				"up": {"uv": [13.75, 8.375, 12.25, 8.25], "texture": "#0"},
				"down": {"uv": [13.75, 8.375, 12.25, 8.5], "texture": "#0"}
			}
		},
		{
			"from": [-16, 0, -0.5],
			"to": [-5, 2, 1.5],
			"rotation": {"angle": 0, "axis": "y", "origin": [-7, 0, 0]},
			"faces": {
				"north": {"uv": [7.375, 10.75, 8.75, 11], "texture": "#0"},
				"east": {"uv": [12.625, 3.25, 12.875, 3.5], "texture": "#0"},
				"south": {"uv": [8.75, 10.75, 10.125, 11], "texture": "#0"},
				"west": {"uv": [4.625, 12.625, 4.875, 12.875], "texture": "#0"},
				"up": {"uv": [12.125, 9.5, 10.75, 9.25], "texture": "#0"},
				"down": {"uv": [12.125, 9.5, 10.75, 9.75], "texture": "#0"}
			}
		},
		{
			"from": [-16, 9, -0.5],
			"to": [-5, 11, 1.5],
			"rotation": {"angle": 0, "axis": "y", "origin": [-7, 9, 0]},
			"faces": {
				"north": {"uv": [10.75, 9.75, 12.125, 10], "texture": "#0"},
				"east": {"uv": [4.875, 12.625, 5.125, 12.875], "texture": "#0"},
				"south": {"uv": [10.125, 10.75, 11.5, 11], "texture": "#0"},
				"west": {"uv": [5.125, 12.625, 5.375, 12.875], "texture": "#0"},
				"up": {"uv": [1.375, 11.125, 0, 10.875], "texture": "#0"},
				"down": {"uv": [7.375, 10.875, 6, 11.125], "texture": "#0"}
			}
		},
		{
			"from": [-7, 2, -0.5],
			"to": [-5, 9, 1.5],
			"rotation": {"angle": 0, "axis": "z", "origin": [-5, 9, 0]},
			"faces": {
				"north": {"uv": [11.5, 1.25, 11.75, 2.125], "texture": "#0"},
				"east": {"uv": [2.375, 11.5, 2.625, 12.375], "texture": "#0"},
				"south": {"uv": [2.625, 11.5, 2.875, 12.375], "texture": "#0"},
				"west": {"uv": [2.875, 11.5, 3.125, 12.375], "texture": "#0"},
				"up": {"uv": [7.625, 12.875, 7.375, 12.625], "texture": "#0"},
				"down": {"uv": [7.875, 12.625, 7.625, 12.875], "texture": "#0"}
			}
		},
		{
			"from": [-16, 2, -0.5],
			"to": [-14, 9, 1.5],
			"rotation": {"angle": 0, "axis": "z", "origin": [-14, 9, 0]},
			"faces": {
				"north": {"uv": [3.125, 11.5, 3.375, 12.375], "texture": "#0"},
				"east": {"uv": [3.375, 11.5, 3.625, 12.375], "texture": "#0"},
				"south": {"uv": [11.5, 6, 11.75, 6.875], "texture": "#0"},
				"west": {"uv": [11.5, 10.75, 11.75, 11.625], "texture": "#0"},
				"up": {"uv": [8.125, 12.875, 7.875, 12.625], "texture": "#0"},
				"down": {"uv": [8.375, 12.625, 8.125, 12.875], "texture": "#0"}
			}
		},
		{
			"from": [-14, 5, 0],
			"to": [-7, 6, 1],
			"rotation": {"angle": 0, "axis": "y", "origin": [-9, 5, 0]},
			"faces": {
				"north": {"uv": [12.5, 1.5, 13.375, 1.625], "texture": "#0"},
				"east": {"uv": [1.75, 12.875, 1.875, 13], "texture": "#0"},
				"south": {"uv": [12.5, 1.625, 13.375, 1.75], "texture": "#0"},
				"west": {"uv": [12.875, 4.25, 13, 4.375], "texture": "#0"},
				"up": {"uv": [13.375, 1.875, 12.5, 1.75], "texture": "#0"},
				"down": {"uv": [13.375, 1.875, 12.5, 2], "texture": "#0"}
			}
		},
		{
			"from": [-11, 2, 0],
			"to": [-10, 9, 1],
			"rotation": {"angle": 0, "axis": "z", "origin": [-11, 4, 0]},
			"faces": {
				"north": {"uv": [4, 12.5, 4.125, 13.375], "texture": "#0"},
				"east": {"uv": [4.125, 12.5, 4.25, 13.375], "texture": "#0"},
				"south": {"uv": [4.25, 12.5, 4.375, 13.375], "texture": "#0"},
				"west": {"uv": [4.375, 12.5, 4.5, 13.375], "texture": "#0"},
				"up": {"uv": [13, 4.5, 12.875, 4.375], "texture": "#0"},
				"down": {"uv": [4.75, 12.875, 4.625, 13], "texture": "#0"}
			}
		},
		{
			"from": [-11, -0.75, 0],
			"to": [-10, 10.25, 1],
			"rotation": {"angle": 45, "axis": "z", "origin": [-11, 5.25, 0]},
			"faces": {
				"north": {"uv": [2.625, 12.375, 2.75, 13.75], "texture": "#0"},
				"east": {"uv": [2.75, 12.375, 2.875, 13.75], "texture": "#0"},
				"south": {"uv": [2.875, 12.375, 3, 13.75], "texture": "#0"},
				"west": {"uv": [3, 12.375, 3.125, 13.75], "texture": "#0"},
				"up": {"uv": [13, 4.75, 12.875, 4.625], "texture": "#0"},
				"down": {"uv": [4.875, 12.875, 4.75, 13], "texture": "#0"}
			}
		},
		{
			"from": [25, 5, 1],
			"to": [26, 6, 21],
			"rotation": {"angle": 0, "axis": "y", "origin": [24, 5, 1]},
			"faces": {
				"north": {"uv": [9, 6, 9.125, 6.125], "texture": "#0"},
				"east": {"uv": [10.625, 5.125, 13.125, 5.25], "texture": "#0"},
				"south": {"uv": [8.375, 10.125, 8.5, 10.25], "texture": "#0"},
				"west": {"uv": [11.25, 3.5, 13.75, 3.625], "texture": "#0"},
				"up": {"uv": [1.625, 12.875, 1.5, 10.375], "texture": "#0"},
				"down": {"uv": [1.75, 10.375, 1.625, 12.875], "texture": "#0"}
			}
		},
		{
			"from": [20, 5.25, 21],
			"to": [32, 6.25, 22],
			"rotation": {"angle": 45, "axis": "z", "origin": [26, 5.25, 21]},
			"faces": {
				"north": {"uv": [6.875, 9.125, 8.375, 9.25], "texture": "#0"},
				"east": {"uv": [7.75, 10.375, 7.875, 10.5], "texture": "#0"},
				"south": {"uv": [12.25, 0.625, 13.75, 0.75], "texture": "#0"},
				"west": {"uv": [7.375, 10.625, 7.5, 10.75], "texture": "#0"},
				"up": {"uv": [8.875, 12.375, 7.375, 12.25], "texture": "#0"},
				"down": {"uv": [13.75, 7.375, 12.25, 7.5], "texture": "#0"}
			}
		},
		{
			"from": [20, 0, 20.5],
			"to": [31, 2, 22.5],
			"rotation": {"angle": 0, "axis": "y", "origin": [29, 0, 21]},
			"faces": {
				"north": {"uv": [9, 10.5, 10.375, 10.75], "texture": "#0"},
				"east": {"uv": [2.375, 5.25, 2.625, 5.5], "texture": "#0"},
				"south": {"uv": [10.375, 10.5, 11.75, 10.75], "texture": "#0"},
				"west": {"uv": [6.875, 7.25, 7.125, 7.5], "texture": "#0"},
				"up": {"uv": [1.375, 10.875, 0, 10.625], "texture": "#0"},
				"down": {"uv": [12, 4.375, 10.625, 4.625], "texture": "#0"}
			}
		},
		{
			"from": [20, 9, 20.5],
			"to": [31, 11, 22.5],
			"rotation": {"angle": 0, "axis": "y", "origin": [29, 9, 21]},
			"faces": {
				"north": {"uv": [10.625, 4.625, 12, 4.875], "texture": "#0"},
				"east": {"uv": [9.5, 1.25, 9.75, 1.5], "texture": "#0"},
				"south": {"uv": [10.625, 4.875, 12, 5.125], "texture": "#0"},
				"west": {"uv": [9, 9.75, 9.25, 10], "texture": "#0"},
				"up": {"uv": [7.375, 10.875, 6, 10.625], "texture": "#0"},
				"down": {"uv": [4.75, 10.75, 3.375, 11], "texture": "#0"}
			}
		},
		{
			"from": [29, 2, 20.5],
			"to": [31, 9, 22.5],
			"rotation": {"angle": 0, "axis": "z", "origin": [31, 9, 21]},
			"faces": {
				"north": {"uv": [7, 11.375, 7.25, 12.25], "texture": "#0"},
				"east": {"uv": [7.25, 11.375, 7.5, 12.25], "texture": "#0"},
				"south": {"uv": [7.5, 11.375, 7.75, 12.25], "texture": "#0"},
				"west": {"uv": [7.75, 11.375, 8, 12.25], "texture": "#0"},
				"up": {"uv": [12.75, 7, 12.5, 6.75], "texture": "#0"},
				"down": {"uv": [12.875, 0.75, 12.625, 1], "texture": "#0"}
			}
		},
		{
			"from": [20, 2, 20.5],
			"to": [22, 9, 22.5],
			"rotation": {"angle": 0, "axis": "z", "origin": [22, 9, 21]},
			"faces": {
				"north": {"uv": [8, 11.375, 8.25, 12.25], "texture": "#0"},
				"east": {"uv": [8.25, 11.375, 8.5, 12.25], "texture": "#0"},
				"south": {"uv": [8.5, 11.375, 8.75, 12.25], "texture": "#0"},
				"west": {"uv": [8.75, 11.375, 9, 12.25], "texture": "#0"},
				"up": {"uv": [12.875, 1.25, 12.625, 1], "texture": "#0"},
				"down": {"uv": [12.875, 3, 12.625, 3.25], "texture": "#0"}
			}
		},
		{
			"from": [22, 5, 21],
			"to": [29, 6, 22],
			"rotation": {"angle": 0, "axis": "y", "origin": [27, 5, 21]},
			"faces": {
				"north": {"uv": [6.5, 11.125, 7.375, 11.25], "texture": "#0"},
				"east": {"uv": [11.75, 7.375, 11.875, 7.5], "texture": "#0"},
				"south": {"uv": [0.25, 12.5, 1.125, 12.625], "texture": "#0"},
				"west": {"uv": [11.875, 7.375, 12, 7.5], "texture": "#0"},
				"up": {"uv": [13.375, 1.375, 12.5, 1.25], "texture": "#0"},
				"down": {"uv": [13.375, 1.375, 12.5, 1.5], "texture": "#0"}
			}
		},
		{
			"from": [25, 2, 21],
			"to": [26, 9, 22],
			"rotation": {"angle": 0, "axis": "z", "origin": [25, 4, 21]},
			"faces": {
				"north": {"uv": [4.875, 10.25, 5, 11.125], "texture": "#0"},
				"east": {"uv": [1.125, 12.5, 1.25, 13.375], "texture": "#0"},
				"south": {"uv": [3.75, 12.5, 3.875, 13.375], "texture": "#0"},
				"west": {"uv": [3.875, 12.5, 4, 13.375], "texture": "#0"},
				"up": {"uv": [12.125, 4.5, 12, 4.375], "texture": "#0"},
				"down": {"uv": [12.125, 4.5, 12, 4.625], "texture": "#0"}
			}
		},
		{
			"from": [25, -0.75, 21],
			"to": [26, 10.25, 22],
			"rotation": {"angle": 45, "axis": "z", "origin": [25, 5.25, 21]},
			"faces": {
				"north": {"uv": [12, 12.25, 12.125, 13.625], "texture": "#0"},
				"east": {"uv": [12.125, 12.25, 12.25, 13.625], "texture": "#0"},
				"south": {"uv": [2.375, 12.375, 2.5, 13.75], "texture": "#0"},
				"west": {"uv": [2.5, 12.375, 2.625, 13.75], "texture": "#0"},
				"up": {"uv": [12.625, 7.125, 12.5, 7], "texture": "#0"},
				"down": {"uv": [12.75, 7, 12.625, 7.125], "texture": "#0"}
			}
		},
		{
			"from": [20, 5.25, 0],
			"to": [32, 6.25, 1],
			"rotation": {"angle": 45, "axis": "z", "origin": [26, 5.25, 0]},
			"faces": {
				"north": {"uv": [12.25, 8, 13.75, 8.125], "texture": "#0"},
				"east": {"uv": [12.625, 12.5, 12.75, 12.625], "texture": "#0"},
				"south": {"uv": [12.25, 8.125, 13.75, 8.25], "texture": "#0"},
				"west": {"uv": [12.75, 7, 12.875, 7.125], "texture": "#0"},
				"up": {"uv": [13.75, 8.375, 12.25, 8.25], "texture": "#0"},
				"down": {"uv": [13.75, 8.375, 12.25, 8.5], "texture": "#0"}
			}
		},
		{
			"from": [20, 0, -0.5],
			"to": [31, 2, 1.5],
			"rotation": {"angle": 0, "axis": "y", "origin": [29, 0, 0]},
			"faces": {
				"north": {"uv": [7.375, 10.75, 8.75, 11], "texture": "#0"},
				"east": {"uv": [12.625, 3.25, 12.875, 3.5], "texture": "#0"},
				"south": {"uv": [8.75, 10.75, 10.125, 11], "texture": "#0"},
				"west": {"uv": [4.625, 12.625, 4.875, 12.875], "texture": "#0"},
				"up": {"uv": [12.125, 9.5, 10.75, 9.25], "texture": "#0"},
				"down": {"uv": [12.125, 9.5, 10.75, 9.75], "texture": "#0"}
			}
		},
		{
			"from": [20, 9, -0.5],
			"to": [31, 11, 1.5],
			"rotation": {"angle": 0, "axis": "y", "origin": [29, 9, 0]},
			"faces": {
				"north": {"uv": [10.75, 9.75, 12.125, 10], "texture": "#0"},
				"east": {"uv": [4.875, 12.625, 5.125, 12.875], "texture": "#0"},
				"south": {"uv": [10.125, 10.75, 11.5, 11], "texture": "#0"},
				"west": {"uv": [5.125, 12.625, 5.375, 12.875], "texture": "#0"},
				"up": {"uv": [1.375, 11.125, 0, 10.875], "texture": "#0"},
				"down": {"uv": [7.375, 10.875, 6, 11.125], "texture": "#0"}
			}
		},
		{
			"from": [29, 2, -0.5],
			"to": [31, 9, 1.5],
			"rotation": {"angle": 0, "axis": "z", "origin": [31, 9, 0]},
			"faces": {
				"north": {"uv": [11.5, 1.25, 11.75, 2.125], "texture": "#0"},
				"east": {"uv": [2.375, 11.5, 2.625, 12.375], "texture": "#0"},
				"south": {"uv": [2.625, 11.5, 2.875, 12.375], "texture": "#0"},
				"west": {"uv": [2.875, 11.5, 3.125, 12.375], "texture": "#0"},
				"up": {"uv": [7.625, 12.875, 7.375, 12.625], "texture": "#0"},
				"down": {"uv": [7.875, 12.625, 7.625, 12.875], "texture": "#0"}
			}
		},
		{
			"from": [20, 2, -0.5],
			"to": [22, 9, 1.5],
			"rotation": {"angle": 0, "axis": "z", "origin": [22, 9, 0]},
			"faces": {
				"north": {"uv": [3.125, 11.5, 3.375, 12.375], "texture": "#0"},
				"east": {"uv": [3.375, 11.5, 3.625, 12.375], "texture": "#0"},
				"south": {"uv": [11.5, 6, 11.75, 6.875], "texture": "#0"},
				"west": {"uv": [11.5, 10.75, 11.75, 11.625], "texture": "#0"},
				"up": {"uv": [8.125, 12.875, 7.875, 12.625], "texture": "#0"},
				"down": {"uv": [8.375, 12.625, 8.125, 12.875], "texture": "#0"}
			}
		},
		{
			"from": [22, 5, 0],
			"to": [29, 6, 1],
			"rotation": {"angle": 0, "axis": "y", "origin": [27, 5, 0]},
			"faces": {
				"north": {"uv": [12.5, 1.5, 13.375, 1.625], "texture": "#0"},
				"east": {"uv": [1.75, 12.875, 1.875, 13], "texture": "#0"},
				"south": {"uv": [12.5, 1.625, 13.375, 1.75], "texture": "#0"},
				"west": {"uv": [12.875, 4.25, 13, 4.375], "texture": "#0"},
				"up": {"uv": [13.375, 1.875, 12.5, 1.75], "texture": "#0"},
				"down": {"uv": [13.375, 1.875, 12.5, 2], "texture": "#0"}
			}
		},
		{
			"from": [25, 2, 0],
			"to": [26, 9, 1],
			"rotation": {"angle": 0, "axis": "z", "origin": [25, 4, 0]},
			"faces": {
				"north": {"uv": [4, 12.5, 4.125, 13.375], "texture": "#0"},
				"east": {"uv": [4.125, 12.5, 4.25, 13.375], "texture": "#0"},
				"south": {"uv": [4.25, 12.5, 4.375, 13.375], "texture": "#0"},
				"west": {"uv": [4.375, 12.5, 4.5, 13.375], "texture": "#0"},
				"up": {"uv": [13, 4.5, 12.875, 4.375], "texture": "#0"},
				"down": {"uv": [4.75, 12.875, 4.625, 13], "texture": "#0"}
			}
		},
		{
			"from": [25, -0.75, 0],
			"to": [26, 10.25, 1],
			"rotation": {"angle": 45, "axis": "z", "origin": [25, 5.25, 0]},
			"faces": {
				"north": {"uv": [2.625, 12.375, 2.75, 13.75], "texture": "#0"},
				"east": {"uv": [2.75, 12.375, 2.875, 13.75], "texture": "#0"},
				"south": {"uv": [2.875, 12.375, 3, 13.75], "texture": "#0"},
				"west": {"uv": [3, 12.375, 3.125, 13.75], "texture": "#0"},
				"up": {"uv": [13, 4.75, 12.875, 4.625], "texture": "#0"},
				"down": {"uv": [4.875, 12.875, 4.75, 13], "texture": "#0"}
			}
		},
		{
			"from": [-11.9, 15.4, 4.5],
			"to": [2.9, 17.4, 11.5],
			"rotation": {"angle": -17.5, "axis": "x", "origin": [0, 15.4, 5.5]},
			"faces": {
				"north": {"uv": [0, 10.125, 1.875, 10.375], "texture": "#0"},
				"east": {"uv": [5.25, 3.25, 6.125, 3.5], "texture": "#0"},
				"south": {"uv": [6, 10.125, 7.875, 10.375], "texture": "#0"},
				"west": {"uv": [12, 4.625, 12.875, 4.875], "texture": "#0"},
				"up": {"uv": [10.25, 8.375, 8.375, 7.5], "texture": "#0"},
				"down": {"uv": [10.25, 8.375, 8.375, 9.25], "texture": "#0"}
			}
		},
		{
			"from": [-11.9, 17.1, 11.3],
			"to": [2.9, 19.1, 18.3],
			"rotation": {"angle": 17.5, "axis": "x", "origin": [0, 19.1, 11.3]},
			"faces": {
				"north": {"uv": [10.25, 7.5, 12.125, 7.75], "texture": "#0"},
				"east": {"uv": [12, 4.875, 12.875, 5.125], "texture": "#0"},
				"south": {"uv": [10.25, 7.75, 12.125, 8], "texture": "#0"},
				"west": {"uv": [12.125, 7.5, 13, 7.75], "texture": "#0"},
				"up": {"uv": [6.875, 9.5, 5, 8.625], "texture": "#0"},
				"down": {"uv": [10.625, 4.375, 8.75, 5.25], "texture": "#0"}
			}
		},
		{
			"from": [-12, 6, 4],
			"to": [3, 17, 18],
			"rotation": {"angle": 0, "axis": "y", "origin": [-12, 6, 12]},
			"faces": {
				"north": {"uv": [5, 7.25, 6.875, 8.625], "texture": "#0"},
				"east": {"uv": [8, 1.625, 9.75, 3], "texture": "#0"},
				"south": {"uv": [7.25, 6.125, 9.125, 7.5], "texture": "#0"},
				"west": {"uv": [8, 3, 9.75, 4.375], "texture": "#0"},
				"up": {"uv": [5.375, 7.25, 3.5, 5.5], "texture": "#0"},
				"down": {"uv": [7.25, 5.5, 5.375, 7.25], "texture": "#0"}
			}
		},
		{
			"from": [-16, 4, 10.5],
			"to": [-14, 5, 11.5],
			"rotation": {"angle": 0, "axis": "y", "origin": [-16, 4, 10.5]},
			"faces": {
				"north": {"uv": [8.75, 6, 9, 6.125], "texture": "#0"},
				"east": {"uv": [7.875, 12.875, 8, 13], "texture": "#0"},
				"south": {"uv": [9.5, 1.5, 9.75, 1.625], "texture": "#0"},
				"west": {"uv": [8, 12.875, 8.125, 13], "texture": "#0"},
				"up": {"uv": [8.125, 10.25, 7.875, 10.125], "texture": "#0"},
				"down": {"uv": [8.375, 10.125, 8.125, 10.25], "texture": "#0"}
			}
		},
		{
			"from": [-14, 7, 10.5],
			"to": [-12, 8, 11.5],
			"rotation": {"angle": 0, "axis": "y", "origin": [-14, 7, 10.5]},
			"faces": {
				"north": {"uv": [7.5, 10.375, 7.75, 10.5], "texture": "#0"},
				"east": {"uv": [8.125, 12.875, 8.25, 13], "texture": "#0"},
				"south": {"uv": [11.5, 4, 11.75, 4.125], "texture": "#0"},
				"west": {"uv": [8.25, 12.875, 8.375, 13], "texture": "#0"},
				"up": {"uv": [11.75, 7.5, 11.5, 7.375], "texture": "#0"},
				"down": {"uv": [12, 4, 11.75, 4.125], "texture": "#0"}
			}
		},
		{
			"from": [-14, 4, 10.5],
			"to": [-13, 7, 11.5],
			"rotation": {"angle": 0, "axis": "z", "origin": [-14, 7, 10.5]},
			"faces": {
				"north": {"uv": [3.375, 9.875, 3.5, 10.25], "texture": "#0"},
				"east": {"uv": [4.75, 10.75, 4.875, 11.125], "texture": "#0"},
				"south": {"uv": [12, 3.75, 12.125, 4.125], "texture": "#0"},
				"west": {"uv": [12, 8.875, 12.125, 9.25], "texture": "#0"},
				"up": {"uv": [8.5, 13, 8.375, 12.875], "texture": "#0"},
				"down": {"uv": [8.625, 12.875, 8.5, 13], "texture": "#0"}
			}
		},
		{
			"from": [-14, 11.5, 18],
			"to": [-2, 13.5, 22],
			"rotation": {"angle": 0, "axis": "y", "origin": [-10, 11.5, 18]},
			"faces": {
				"north": {"uv": [3.375, 10.25, 4.875, 10.5], "texture": "#0"},
				"east": {"uv": [8.5, 9.75, 9, 10], "texture": "#0"},
				"south": {"uv": [0, 10.375, 1.5, 10.625], "texture": "#0"},
				"west": {"uv": [11.5, 3.75, 12, 4], "texture": "#0"},
				"up": {"uv": [11.25, 2.75, 9.75, 2.25], "texture": "#0"},
				"down": {"uv": [11.25, 2.75, 9.75, 3.25], "texture": "#0"}
			}
		},
		{
			"from": [-4, 2.5, 18],
			"to": [-2, 11.5, 22],
			"rotation": {"angle": 0, "axis": "z", "origin": [-4, 7.5, 18.5]},
			"faces": {
				"north": {"uv": [9, 11.25, 9.25, 12.375], "texture": "#0"},
				"east": {"uv": [6.25, 4.375, 6.75, 5.5], "texture": "#0"},
				"south": {"uv": [9.25, 11.25, 9.5, 12.375], "texture": "#0"},
				"west": {"uv": [6.75, 4.375, 7.25, 5.5], "texture": "#0"},
				"up": {"uv": [11.75, 7.375, 11.5, 6.875], "texture": "#0"},
				"down": {"uv": [12, 6.875, 11.75, 7.375], "texture": "#0"}
			}
		},
		{
			"from": [-2, 2.5, 18],
			"to": [17, 4.5, 22],
			"rotation": {"angle": 0, "axis": "y", "origin": [2, 2.5, 18]},
			"faces": {
				"north": {"uv": [0, 5.25, 2.375, 5.5], "texture": "#0"},
				"east": {"uv": [12.375, 3.75, 12.875, 4], "texture": "#0"},
				"south": {"uv": [9.75, 4.125, 12.125, 4.375], "texture": "#0"},
				"west": {"uv": [12.375, 4, 12.875, 4.25], "texture": "#0"},
				"up": {"uv": [11.5, 6.5, 9.125, 6], "texture": "#0"},
				"down": {"uv": [11.5, 6.5, 9.125, 7], "texture": "#0"}
			}
		},
		{
			"from": [17, 2.5, 18],
			"to": [19, 11.5, 22],
			"rotation": {"angle": 0, "axis": "z", "origin": [17, 7.5, 18.5]},
			"faces": {
				"north": {"uv": [9.5, 11.25, 9.75, 12.375], "texture": "#0"},
				"east": {"uv": [7, 1.625, 7.5, 2.75], "texture": "#0"},
				"south": {"uv": [9.75, 11.25, 10, 12.375], "texture": "#0"},
				"west": {"uv": [7.5, 1.625, 8, 2.75], "texture": "#0"},
				"up": {"uv": [6.625, 12.875, 6.375, 12.375], "texture": "#0"},
				"down": {"uv": [6.875, 12.375, 6.625, 12.875], "texture": "#0"}
			}
		},
		{
			"from": [17, 11.5, 18],
			"to": [31, 13.5, 22],
			"rotation": {"angle": 0, "axis": "y", "origin": [21, 11.5, 18]},
			"faces": {
				"north": {"uv": [7.875, 10.25, 9.625, 10.5], "texture": "#0"},
				"east": {"uv": [12.375, 4.25, 12.875, 4.5], "texture": "#0"},
				"south": {"uv": [10.25, 8, 12, 8.25], "texture": "#0"},
				"west": {"uv": [12.375, 7.125, 12.875, 7.375], "texture": "#0"},
				"up": {"uv": [11.25, 1.25, 9.5, 0.75], "texture": "#0"},
				"down": {"uv": [6.75, 9.5, 5, 10], "texture": "#0"}
			}
		},
		{
			"from": [17, 11.5, 0],
			"to": [31, 13.5, 4],
			"rotation": {"angle": 0, "axis": "y", "origin": [21, 11.5, 0.5]},
			"faces": {
				"north": {"uv": [10.25, 8.25, 12, 8.5], "texture": "#0"},
				"east": {"uv": [7.375, 12.375, 7.875, 12.625], "texture": "#0"},
				"south": {"uv": [10.25, 8.5, 12, 8.75], "texture": "#0"},
				"west": {"uv": [7.875, 12.375, 8.375, 12.625], "texture": "#0"},
				"up": {"uv": [11.5, 1.75, 9.75, 1.25], "texture": "#0"},
				"down": {"uv": [11.5, 1.75, 9.75, 2.25], "texture": "#0"}
			}
		},
		{
			"from": [-2, 2.5, 0],
			"to": [17, 4.5, 4],
			"rotation": {"angle": 0, "axis": "y", "origin": [2, 2.5, 0.5]},
			"faces": {
				"north": {"uv": [0, 9.875, 2.375, 10.125], "texture": "#0"},
				"east": {"uv": [8.375, 12.375, 8.875, 12.625], "texture": "#0"},
				"south": {"uv": [8.5, 10, 10.875, 10.25], "texture": "#0"},
				"west": {"uv": [12.375, 8.875, 12.875, 9.125], "texture": "#0"},
				"up": {"uv": [11.5, 7.5, 9.125, 7], "texture": "#0"},
				"down": {"uv": [9.25, 9.25, 6.875, 9.75], "texture": "#0"}
			}
		},
		{
			"from": [17, 2.5, 0],
			"to": [19, 11.5, 4],
			"rotation": {"angle": 0, "axis": "z", "origin": [17, 7.5, 0.5]},
			"faces": {
				"north": {"uv": [10, 11.25, 10.25, 12.375], "texture": "#0"},
				"east": {"uv": [2.375, 9.875, 2.875, 11], "texture": "#0"},
				"south": {"uv": [10.25, 11.25, 10.5, 12.375], "texture": "#0"},
				"west": {"uv": [2.875, 9.875, 3.375, 11], "texture": "#0"},
				"up": {"uv": [9.25, 12.875, 9, 12.375], "texture": "#0"},
				"down": {"uv": [12.625, 9.125, 12.375, 9.625], "texture": "#0"}
			}
		},
		{
			"from": [-4, 2.5, 0],
			"to": [-2, 11.5, 4],
			"rotation": {"angle": 0, "axis": "z", "origin": [-4, 7.5, 0.5]},
			"faces": {
				"north": {"uv": [10.5, 11.25, 10.75, 12.375], "texture": "#0"},
				"east": {"uv": [5, 10, 5.5, 11.125], "texture": "#0"},
				"south": {"uv": [10.75, 11.25, 11, 12.375], "texture": "#0"},
				"west": {"uv": [5.5, 10, 6, 11.125], "texture": "#0"},
				"up": {"uv": [9.5, 12.875, 9.25, 12.375], "texture": "#0"},
				"down": {"uv": [9.75, 12.375, 9.5, 12.875], "texture": "#0"}
			}
		},
		{
			"from": [-14, 11.5, 0],
			"to": [-2, 13.5, 4],
			"rotation": {"angle": 0, "axis": "y", "origin": [-10, 11.5, 0.5]},
			"faces": {
				"north": {"uv": [6, 10.375, 7.5, 10.625], "texture": "#0"},
				"east": {"uv": [9.75, 12.375, 10.25, 12.625], "texture": "#0"},
				"south": {"uv": [3.375, 10.5, 4.875, 10.75], "texture": "#0"},
				"west": {"uv": [10.25, 12.375, 10.75, 12.625], "texture": "#0"},
				"up": {"uv": [11.25, 3.75, 9.75, 3.25], "texture": "#0"},
				"down": {"uv": [5, 9.75, 3.5, 10.25], "texture": "#0"}
			}
		},
		{
			"from": [-3, 3, 4],
			"to": [19, 6, 18],
			"rotation": {"angle": 0, "axis": "y", "origin": [3, 3, 4]},
			"faces": {
				"north": {"uv": [9.5, 0, 12.25, 0.375], "texture": "#0"},
				"east": {"uv": [9.75, 3.75, 11.5, 4.125], "texture": "#0"},
				"south": {"uv": [9.5, 0.375, 12.25, 0.75], "texture": "#0"},
				"west": {"uv": [6.75, 9.75, 8.5, 10.125], "texture": "#0"},
				"up": {"uv": [2.75, 5.25, 0, 3.5], "texture": "#0"},
				"down": {"uv": [6.25, 0, 3.5, 1.75], "texture": "#0"}
			}
		},
		{
			"from": [17, 6, 4],
			"to": [19, 13.5, 18],
			"rotation": {"angle": 0, "axis": "y", "origin": [17, 6, 4]},
			"faces": {
				"north": {"uv": [6, 11.375, 6.25, 12.375], "texture": "#0"},
				"east": {"uv": [0, 8.125, 1.75, 9.125], "texture": "#0"},
				"south": {"uv": [6.25, 11.375, 6.5, 12.375], "texture": "#0"},
				"west": {"uv": [1.75, 8.125, 3.5, 9.125], "texture": "#0"},
				"up": {"uv": [2.125, 11.875, 1.875, 10.125], "texture": "#0"},
				"down": {"uv": [2.375, 10.125, 2.125, 11.875], "texture": "#0"}
			}
		},
		{
			"from": [19, 11.5, 4],
			"to": [31, 13.5, 18],
			"rotation": {"angle": 0, "axis": "y", "origin": [19, 6, 4]},
			"faces": {
				"north": {"uv": [10.5, 5.75, 12, 6], "texture": "#0"},
				"east": {"uv": [10.25, 8.75, 12, 9], "texture": "#0"},
				"south": {"uv": [7.5, 10.5, 9, 10.75], "texture": "#0"},
				"west": {"uv": [10.25, 9, 12, 9.25], "texture": "#0"},
				"up": {"uv": [5, 9, 3.5, 7.25], "texture": "#0"},
				"down": {"uv": [8.75, 4.375, 7.25, 6.125], "texture": "#0"}
			}
		},
		{
			"from": [3, 6, 4],
			"to": [17, 19, 5],
			"rotation": {"angle": 0, "axis": "y", "origin": [3, 7, 4]},
			"faces": {
				"north": {"uv": [6.25, 0, 8, 1.625], "texture": "#0"},
				"east": {"uv": [1.25, 11.375, 1.375, 13], "texture": "#0"},
				"south": {"uv": [6.25, 2.75, 8, 4.375], "texture": "#0"},
				"west": {"uv": [3.625, 11.5, 3.75, 13.125], "texture": "#0"},
				"up": {"uv": [13.25, 2.25, 11.5, 2.125], "texture": "#0"},
				"down": {"uv": [13.875, 7.75, 12.125, 7.875], "texture": "#0"}
			}
		},
		{
			"from": [3, 6, 17],
			"to": [17, 19, 18],
			"rotation": {"angle": 0, "axis": "y", "origin": [3, 7, 17]},
			"faces": {
				"north": {"uv": [0, 6.5, 1.75, 8.125], "texture": "#0"},
				"east": {"uv": [12.25, 5.75, 12.375, 7.375], "texture": "#0"},
				"south": {"uv": [1.75, 6.5, 3.5, 8.125], "texture": "#0"},
				"west": {"uv": [7, 12.25, 7.125, 13.875], "texture": "#0"},
				"up": {"uv": [13.875, 8, 12.125, 7.875], "texture": "#0"},
				"down": {"uv": [13.875, 9.75, 12.125, 9.875], "texture": "#0"}
			}
		},
		{
			"from": [17, 13.5, 17],
			"to": [31, 19, 18],
			"rotation": {"angle": 0, "axis": "y", "origin": [17, 7, 17]},
			"faces": {
				"north": {"uv": [3.5, 2.75, 5.25, 3.5], "texture": "#0"},
				"east": {"uv": [12.5, 11.875, 12.625, 12.625], "texture": "#0"},
				"south": {"uv": [8.75, 5.25, 10.5, 6], "texture": "#0"},
				"west": {"uv": [0.25, 12.625, 0.375, 13.375], "texture": "#0"},
				"up": {"uv": [13.875, 10, 12.125, 9.875], "texture": "#0"},
				"down": {"uv": [14, 0, 12.25, 0.125], "texture": "#0"}
			}
		},
		{
			"from": [17, 13.5, 4],
			"to": [31, 19, 5],
			"rotation": {"angle": 0, "axis": "y", "origin": [17, 7, 4]},
			"faces": {
				"north": {"uv": [0, 9.125, 1.75, 9.875], "texture": "#0"},
				"east": {"uv": [0.375, 12.625, 0.5, 13.375], "texture": "#0"},
				"south": {"uv": [1.75, 9.125, 3.5, 9.875], "texture": "#0"},
				"west": {"uv": [0.5, 12.625, 0.625, 13.375], "texture": "#0"},
				"up": {"uv": [14, 0.25, 12.25, 0.125], "texture": "#0"},
				"down": {"uv": [14, 0.25, 12.25, 0.375], "texture": "#0"}
			}
		},
		{
			"from": [30, 13.5, 5],
			"to": [31, 19, 17],
			"rotation": {"angle": 0, "axis": "y", "origin": [17, 7, 4]},
			"faces": {
				"north": {"uv": [0.625, 12.625, 0.75, 13.375], "texture": "#0"},
				"east": {"uv": [3.5, 9, 5, 9.75], "texture": "#0"},
				"south": {"uv": [0.75, 12.625, 0.875, 13.375], "texture": "#0"},
				"west": {"uv": [9.25, 9.25, 10.75, 10], "texture": "#0"},
				"up": {"uv": [9, 13.75, 8.875, 12.25], "texture": "#0"},
				"down": {"uv": [12.375, 10.875, 12.25, 12.375], "texture": "#0"}
			}
		},
		{
			"from": [3, 6, 5],
			"to": [4, 19, 17],
			"rotation": {"angle": 0, "axis": "y", "origin": [3, 7, 17]},
			"faces": {
				"north": {"uv": [7.125, 12.25, 7.25, 13.875], "texture": "#0"},
				"east": {"uv": [6.875, 7.5, 8.375, 9.125], "texture": "#0"},
				"south": {"uv": [7.25, 12.25, 7.375, 13.875], "texture": "#0"},
				"west": {"uv": [8, 0, 9.5, 1.625], "texture": "#0"},
				"up": {"uv": [11.875, 13.75, 11.75, 12.25], "texture": "#0"},
				"down": {"uv": [12, 12.25, 11.875, 13.75], "texture": "#0"}
			}
		},
		{
			"from": [3, 19, 4],
			"to": [5, 28, 6],
			"rotation": {"angle": 0, "axis": "y", "origin": [3, 19, 4]},
			"faces": {
				"north": {"uv": [11, 11.25, 11.25, 12.375], "texture": "#0"},
				"east": {"uv": [11.25, 11.25, 11.5, 12.375], "texture": "#0"},
				"south": {"uv": [0, 11.375, 0.25, 12.5], "texture": "#0"},
				"west": {"uv": [0.25, 11.375, 0.5, 12.5], "texture": "#0"},
				"up": {"uv": [2.375, 13, 2.125, 12.75], "texture": "#0"},
				"down": {"uv": [13, 2.25, 12.75, 2.5], "texture": "#0"}
			}
		},
		{
			"from": [3, 19, 16],
			"to": [5, 28, 18],
			"rotation": {"angle": 0, "axis": "y", "origin": [3, 19, 16]},
			"faces": {
				"north": {"uv": [0.5, 11.375, 0.75, 12.5], "texture": "#0"},
				"east": {"uv": [0.75, 11.375, 1, 12.5], "texture": "#0"},
				"south": {"uv": [1, 11.375, 1.25, 12.5], "texture": "#0"},
				"west": {"uv": [3.75, 11.375, 4, 12.5], "texture": "#0"},
				"up": {"uv": [13, 2.75, 12.75, 2.5], "texture": "#0"},
				"down": {"uv": [13, 2.75, 12.75, 3], "texture": "#0"}
			}
		},
		{
			"from": [29, 19, 4],
			"to": [31, 28, 6],
			"rotation": {"angle": 0, "axis": "y", "origin": [29, 19, 4]},
			"faces": {
				"north": {"uv": [4, 11.375, 4.25, 12.5], "texture": "#0"},
				"east": {"uv": [4.25, 11.375, 4.5, 12.5], "texture": "#0"},
				"south": {"uv": [4.5, 11.375, 4.75, 12.5], "texture": "#0"},
				"west": {"uv": [4.75, 11.375, 5, 12.5], "texture": "#0"},
				"up": {"uv": [13, 7, 12.75, 6.75], "texture": "#0"},
				"down": {"uv": [13, 12.5, 12.75, 12.75], "texture": "#0"}
			}
		},
		{
			"from": [29, 19, 16],
			"to": [31, 28, 18],
			"rotation": {"angle": 0, "axis": "y", "origin": [29, 19, 16]},
			"faces": {
				"north": {"uv": [5, 11.375, 5.25, 12.5], "texture": "#0"},
				"east": {"uv": [5.25, 11.375, 5.5, 12.5], "texture": "#0"},
				"south": {"uv": [5.5, 11.375, 5.75, 12.5], "texture": "#0"},
				"west": {"uv": [5.75, 11.375, 6, 12.5], "texture": "#0"},
				"up": {"uv": [13, 13, 12.75, 12.75], "texture": "#0"},
				"down": {"uv": [13.125, 0.75, 12.875, 1], "texture": "#0"}
			}
		},
		{
			"from": [3, 28, 4],
			"to": [31, 29, 12],
			"rotation": {"angle": -15, "axis": "x", "origin": [3, 28, 4]},
			"faces": {
				"north": {"uv": [9.625, 10.25, 13.125, 10.375], "texture": "#0"},
				"east": {"uv": [3.75, 11, 4.75, 11.125], "texture": "#0"},
				"south": {"uv": [9.625, 10.375, 13.125, 10.5], "texture": "#0"},
				"west": {"uv": [12.375, 4.5, 13.375, 4.625], "texture": "#0"},
				"up": {"uv": [7, 2.75, 3.5, 1.75], "texture": "#0"},
				"down": {"uv": [6.25, 3.5, 2.75, 4.5], "texture": "#0"}
			}
		},
		{
			"from": [3, 28, 4],
			"to": [31, 29, 18],
			"rotation": {"angle": 0, "axis": "x", "origin": [3, 28, 4]},
			"faces": {
				"north": {"uv": [10.5, 5.25, 14, 5.375], "texture": "#0"},
				"east": {"uv": [12.25, 0.375, 14, 0.5], "texture": "#0"},
				"south": {"uv": [10.5, 5.375, 14, 5.5], "texture": "#0"},
				"west": {"uv": [12.25, 0.5, 14, 0.625], "texture": "#0"},
				"up": {"uv": [3.5, 1.75, 0, 0], "texture": "#0"},
				"down": {"uv": [3.5, 1.75, 0, 3.5], "texture": "#0"}
			}
		},
		{
			"from": [3, 28, 10],
			"to": [31, 29, 18],
			"rotation": {"angle": 15, "axis": "x", "origin": [3, 28, 18]},
			"faces": {
				"north": {"uv": [10.5, 5.5, 14, 5.625], "texture": "#0"},
				"east": {"uv": [12.375, 9.625, 13.375, 9.75], "texture": "#0"},
				"south": {"uv": [10.5, 5.625, 14, 5.75], "texture": "#0"},
				"west": {"uv": [12.375, 10.875, 13.375, 11], "texture": "#0"},
				"up": {"uv": [6.25, 5.5, 2.75, 4.5], "texture": "#0"},
				"down": {"uv": [3.5, 5.5, 0, 6.5], "texture": "#0"}
			}
		},
		{
			"from": [3, 15, 10],
			"to": [5, 17, 12],
			"rotation": {"angle": 0, "axis": "y", "origin": [3, 15, 10]},
			"faces": {
				"north": {"uv": [12.875, 1, 13.125, 1.25], "texture": "#0"},
				"east": {"uv": [1.5, 12.875, 1.75, 13.125], "texture": "#0"},
				"south": {"uv": [12.875, 3, 13.125, 3.25], "texture": "#0"},
				"west": {"uv": [12.875, 3.25, 13.125, 3.5], "texture": "#0"},
				"up": {"uv": [13.125, 4, 12.875, 3.75], "texture": "#0"},
				"down": {"uv": [13.125, 4, 12.875, 4.25], "texture": "#0"}
			}
		},
		{
			"from": [5, 15, 7],
			"to": [6, 17, 15],
			"rotation": {"angle": 0, "axis": "y", "origin": [5, 15, 10]},
			"faces": {
				"north": {"uv": [2.625, 5.25, 2.75, 5.5], "texture": "#0"},
				"east": {"uv": [5.25, 2.75, 6.25, 3], "texture": "#0"},
				"south": {"uv": [6.125, 3.25, 6.25, 3.5], "texture": "#0"},
				"west": {"uv": [5.25, 3, 6.25, 3.25], "texture": "#0"},
				"up": {"uv": [7, 13.375, 6.875, 12.375], "texture": "#0"},
				"down": {"uv": [10.875, 12.375, 10.75, 13.375], "texture": "#0"}
			}
		},
		{
			"from": [5, 12, 10],
			"to": [6, 20, 12],
			"rotation": {"angle": 0, "axis": "x", "origin": [5, 15, 12]},
			"faces": {
				"north": {"uv": [10.875, 12.375, 11, 13.375], "texture": "#0"},
				"east": {"uv": [6.5, 11.375, 6.75, 12.375], "texture": "#0"},
				"south": {"uv": [11, 12.375, 11.125, 13.375], "texture": "#0"},
				"west": {"uv": [6.75, 11.375, 7, 12.375], "texture": "#0"},
				"up": {"uv": [7.25, 7.5, 7.125, 7.25], "texture": "#0"},
				"down": {"uv": [6.875, 9.5, 6.75, 9.75], "texture": "#0"}
			}
		},
		{
			"from": [5, 12, 14],
			"to": [6, 20, 15],
			"rotation": {"angle": 0, "axis": "x", "origin": [5, 15, 15]},
			"faces": {
				"north": {"uv": [12.375, 11, 12.5, 12], "texture": "#0"},
				"east": {"uv": [11.125, 12.375, 11.25, 13.375], "texture": "#0"},
				"south": {"uv": [11.25, 12.375, 11.375, 13.375], "texture": "#0"},
				"west": {"uv": [11.375, 12.375, 11.5, 13.375], "texture": "#0"},
				"up": {"uv": [8.75, 13, 8.625, 12.875], "texture": "#0"},
				"down": {"uv": [8.875, 12.875, 8.75, 13], "texture": "#0"}
			}
		},
		{
			"from": [5, 12, 7],
			"to": [6, 20, 8],
			"rotation": {"angle": 0, "axis": "x", "origin": [5, 15, 8]},
			"faces": {
				"north": {"uv": [12.375, 12, 12.5, 13], "texture": "#0"},
				"east": {"uv": [12.25, 12.375, 12.375, 13.375], "texture": "#0"},
				"south": {"uv": [0, 12.5, 0.125, 13.5], "texture": "#0"},
				"west": {"uv": [0.125, 12.5, 0.25, 13.5], "texture": "#0"},
				"up": {"uv": [13, 9, 12.875, 8.875], "texture": "#0"},
				"down": {"uv": [9.125, 12.875, 9, 13], "texture": "#0"}
			}
		},
		{
			"from": [5, 12, 8],
			"to": [6, 13, 14],
			"rotation": {"angle": 0, "axis": "x", "origin": [5, 16, 11]},
			"faces": {
				"north": {"uv": [12.875, 9, 13, 9.125], "texture": "#0"},
				"east": {"uv": [6.25, 1.625, 7, 1.75], "texture": "#0"},
				"south": {"uv": [9.125, 12.875, 9.25, 13], "texture": "#0"},
				"west": {"uv": [6, 10, 6.75, 10.125], "texture": "#0"},
				"up": {"uv": [1, 13.375, 0.875, 12.625], "texture": "#0"},
				"down": {"uv": [1.125, 12.625, 1, 13.375], "texture": "#0"}
			}
		},
		{
			"from": [5, 19, 8],
			"to": [6, 20, 14],
			"rotation": {"angle": 0, "axis": "x", "origin": [5, 16, 11]},
			"faces": {
				"north": {"uv": [12.875, 9.125, 13, 9.25], "texture": "#0"},
				"east": {"uv": [12.5, 6.5, 13.25, 6.625], "texture": "#0"},
				"south": {"uv": [9.25, 12.875, 9.375, 13], "texture": "#0"},
				"west": {"uv": [12.5, 6.625, 13.25, 6.75], "texture": "#0"},
				"up": {"uv": [12.75, 3, 12.625, 2.25], "texture": "#0"},
				"down": {"uv": [4.625, 12.625, 4.5, 13.375], "texture": "#0"}
			}
		}
	],
	"display": {
		"thirdperson_righthand": {
			"scale": [0.2, 0.2, 0.2]
		},
		"thirdperson_lefthand": {
			"rotation": [0, 180, 0],
			"scale": [0.2, 0.2, 0.2]
		},
		"firstperson_righthand": {
			"translation": [-2.25, 3.25, 0],
			"scale": [0.2, 0.2, 0.2]
		},
		"firstperson_lefthand": {
			"rotation": [0, 180, 0],
			"translation": [-2.25, 3.25, 0],
			"scale": [0.2, 0.2, 0.2]
		},
		"ground": {
			"translation": [0, 2.75, 0],
			"scale": [0.2, 0.2, 0.2]
		},
		"gui": {
			"rotation": [45, 45, 0],
			"scale": [0.25, 0.25, 0.28]
		},
		"head": {
			"rotation": [180, -88.5, 180],
			"translation": [6.25, -27.25, -9.5],
			"scale": [2, 2, 2]
		},
		"fixed": {
			"translation": [0, 0, -2.5],
			"scale": [0.2, 0.2, 0.2]
		}
	},
	"groups": [
		{
			"name": "wheels",
			"origin": [-3, 5.25, 0],
			"color": 0,
			"children": [
				{
					"name": "wheels_F",
					"origin": [-3, 5.25, 0],
					"color": 0,
					"children": [
						0,
						{
							"name": "wheel_RF",
							"origin": [-3, 5.25, 0],
							"color": 0,
							"children": [1, 2, 3, 4, 5, 6, 7, 8]
						},
						{
							"name": "wheel_LF",
							"origin": [-3, 5.25, 0],
							"color": 0,
							"children": [9, 10, 11, 12, 13, 14, 15, 16]
						}
					]
				},
				{
					"name": "wheels_F",
					"origin": [-3, 5.25, 0],
					"color": 0,
					"children": [
						17,
						{
							"name": "wheel_RF",
							"origin": [-3, 5.25, 0],
							"color": 0,
							"children": [18, 19, 20, 21, 22, 23, 24, 25]
						},
						{
							"name": "wheel_LF",
							"origin": [-3, 5.25, 0],
							"color": 0,
							"children": [26, 27, 28, 29, 30, 31, 32, 33]
						}
					]
				}
			]
		},
		{
			"name": "motor",
			"origin": [-12, 6, 12],
			"color": 0,
			"children": [
				34,
				35,
				36,
				{
					"name": "crank",
					"origin": [8, 8, 8],
					"color": 0,
					"children": [37, 38, 39]
				}
			]
		},
		{
			"name": "chassis",
			"origin": [8, 8, 8],
			"color": 0,
			"children": [
				{
					"name": "wheel_protection",
					"origin": [-10, 11.5, 0.5],
					"color": 0,
					"children": [
						{
							"name": "left",
							"origin": [-10, 11.5, 18],
							"color": 0,
							"children": [40, 41, 42, 43, 44]
						},
						{
							"name": "right",
							"origin": [21, 11.5, 0.5],
							"color": 0,
							"children": [45, 46, 47, 48, 49]
						}
					]
				},
				{
					"name": "sitting_space",
					"origin": [8, 8, 8],
					"color": 0,
					"children": [
						50,
						51,
						52,
						53,
						54,
						55,
						56,
						57,
						58,
						59,
						60,
						61,
						62,
						63,
						64,
						65,
						{
							"name": "steering_wheel",
							"origin": [8, 8, 8],
							"color": 0,
							"children": [66, 67, 68, 69, 70, 71, 72]
						}
					]
				}
			]
		}
	]
}