{
"format_version": "1.21.6",
"credit": "Made with Blockbench",
"textures": {
"1": "item/compressed_oak_log"
},
"elements": [
{
"from": [4, 0, 4],
"to": [12, 16, 12],
"rotation": {"angle": 0, "axis": "y", "origin": [4, 0, 4]},
"faces": {
"north": {"uv": [0, 0, 4, 8], "texture": "#1"},
"east": {"uv": [0, 8, 4, 16], "texture": "#1"},
"south": {"uv": [8, 0, 12, 8], "texture": "#1"},
"west": {"uv": [4, 0, 8, 8], "texture": "#1"},
"up": {"uv": [8, 8, 12, 12], "texture": "#1"},
"down": {"uv": [4, 8, 8, 12], "texture": "#1"}
}
}
],
"display": {
"thirdperson_righthand": {
"rotation": [75, 45, 0],
"translation": [0, 2.5, 0],
"scale": [0.375, 0.375, 0.375]
},
"firstperson_righthand": {
"rotation": [0, 45, 0],
"scale": [0.4, 0.4, 0.4]
},
"firstperson_lefthand": {
"rotation": [0, -135, 0],
"scale": [0.4, 0.4, 0.4]
},
"ground": {
"translation": [0, 3, 0],
"scale": [0.25, 0.25, 0.25]
},
"gui": {
"rotation": [30, -135, 0],
"scale": [0.625, 0.625, 0.625]
},
"fixed": {
"scale": [0.5, 0.5, 0.5]
}
}
}