{
	"format_version": "1.9.0",
	"credit": "Made with Blockbench",
	"texture_size": [64, 64],
	"textures": {
		"0": "block/sand",
		"1": "block/glass",
		"particle": "block/sand"
	},
	"elements": [
		{
			"name": "outer_box",
			"from": [2, 0, 2],
			"to": [14, 12, 14],
			"rotation": {"angle": 0, "axis": "y", "origin": [7, 0, 2]},
			"faces": {
				"north": {"uv": [0, 0, 16, 16], "texture": "#1"},
				"east": {"uv": [0, 3, 3, 6], "texture": "#1"},
				"south": {"uv": [3, 0, 6, 3], "texture": "#1"},
				"west": {"uv": [3, 3, 6, 6], "texture": "#1"},
				"up": {"uv": [3, 9, 0, 6], "texture": "#1"},
				"down": {"uv": [0, 0, 16, 16], "texture": "#1"}
			}
		},
		{
			"name": "time glass base",
			"from": [4, 0, 5],
			"to": [12, 1, 11],
			"rotation": {"angle": 0, "axis": "y", "origin": [7, 0, 7]},
			"faces": {
				"north": {"uv": [0, 0, 16, 16], "texture": "#1"},
				"east": {"uv": [9, 5.25, 10.5, 5.5], "texture": "#1"},
				"south": {"uv": [9, 3.75, 11, 4], "texture": "#1"},
				"west": {"uv": [9, 5.5, 10.5, 5.75], "texture": "#1"},
				"up": {"uv": [5, 7.5, 3, 6], "texture": "#1"},
				"down": {"uv": [0, 0, 16, 16], "texture": "#1"}
			}
		},
		{
			"name": "time glass base",
			"from": [5, 0, 11],
			"to": [11, 1, 12],
			"rotation": {"angle": 0, "axis": "y", "origin": [7, 0, 7]},
			"faces": {
				"north": {"uv": [0, 0, 16, 16], "texture": "#1"},
				"east": {"uv": [4.25, 10.25, 4.5, 10.5], "texture": "#1"},
				"south": {"uv": [6, 9, 7.5, 9.25], "texture": "#1"},
				"west": {"uv": [4.5, 10.25, 4.75, 10.5], "texture": "#1"},
				"up": {"uv": [9, 9.25, 7.5, 9], "texture": "#1"},
				"down": {"uv": [0, 0, 16, 16], "texture": "#1"}
			}
		},
		{
			"name": "time glass base",
			"from": [5, 0, 4],
			"to": [11, 1, 5],
			"rotation": {"angle": 0, "axis": "y", "origin": [7, 0, 0]},
			"faces": {
				"north": {"uv": [0, 0, 16, 16], "texture": "#1"},
				"east": {"uv": [4.75, 10.25, 5, 10.5], "texture": "#1"},
				"south": {"uv": [5.5, 9.25, 7, 9.5], "texture": "#1"},
				"west": {"uv": [5, 10.25, 5.25, 10.5], "texture": "#1"},
				"up": {"uv": [8.5, 9.5, 7, 9.25], "texture": "#1"},
				"down": {"uv": [0, 0, 16, 16], "texture": "#1"}
			}
		},
		{
			"name": "time glass base",
			"from": [4, 10, 5],
			"to": [12, 11, 11],
			"rotation": {"angle": 0, "axis": "y", "origin": [7, 10, 7]},
			"faces": {
				"north": {"uv": [0, 0, 16, 16], "texture": "#1"},
				"east": {"uv": [0, 9.5, 1.5, 9.75], "texture": "#1"},
				"south": {"uv": [9, 4, 11, 4.25], "texture": "#1"},
				"west": {"uv": [1.5, 9.5, 3, 9.75], "texture": "#1"},
				"up": {"uv": [8, 6, 6, 4.5], "texture": "#1"},
				"down": {"uv": [0, 0, 16, 16], "texture": "#1"}
			}
		},
		{
			"name": "time glass base",
			"from": [5, 10, 11],
			"to": [11, 11, 12],
			"rotation": {"angle": 0, "axis": "y", "origin": [7, 10, 7]},
			"faces": {
				"north": {"uv": [0, 0, 16, 16], "texture": "#1"},
				"east": {"uv": [5.25, 10.25, 5.5, 10.5], "texture": "#1"},
				"south": {"uv": [9.5, 1.75, 11, 2], "texture": "#1"},
				"west": {"uv": [6, 10.25, 6.25, 10.5], "texture": "#1"},
				"up": {"uv": [11, 2.25, 9.5, 2], "texture": "#1"},
				"down": {"uv": [0, 0, 16, 16], "texture": "#1"}
			}
		},
		{
			"name": "time glass base",
			"from": [5, 10, 4],
			"to": [11, 11, 5],
			"rotation": {"angle": 0, "axis": "y", "origin": [7, 10, 0]},
			"faces": {
				"north": {"uv": [0, 0, 16, 16], "texture": "#1"},
				"east": {"uv": [6.25, 10.25, 6.5, 10.5], "texture": "#1"},
				"south": {"uv": [9.5, 2.75, 11, 3], "texture": "#1"},
				"west": {"uv": [6.5, 10.25, 6.75, 10.5], "texture": "#1"},
				"up": {"uv": [11, 3.25, 9.5, 3], "texture": "#1"},
				"down": {"uv": [0, 0, 16, 16], "texture": "#1"}
			}
		},
		{
			"name": "glass",
			"from": [5, 1, 5],
			"to": [11, 3, 11],
			"rotation": {"angle": 0, "axis": "y", "origin": [6, 1, 5]},
			"faces": {
				"north": {"uv": [0, 0, 16, 16], "texture": "#1"},
				"east": {"uv": [8.5, 8, 10, 8.5], "texture": "#1"},
				"south": {"uv": [8.5, 8.5, 10, 9], "texture": "#1"},
				"west": {"uv": [0, 9, 1.5, 9.5], "texture": "#1"},
				"up": {"uv": [8.5, 7.5, 7, 6], "texture": "#1"},
				"down": {"uv": [0, 0, 16, 16], "texture": "#1"}
			}
		},
		{
			"name": "glass",
			"from": [5, 8, 5],
			"to": [11, 10, 11],
			"rotation": {"angle": 0, "axis": "y", "origin": [6, 8, 5]},
			"faces": {
				"north": {"uv": [0, 0, 16, 16], "texture": "#1"},
				"east": {"uv": [9, 0.5, 10.5, 1], "texture": "#1"},
				"south": {"uv": [9, 1, 10.5, 1.5], "texture": "#1"},
				"west": {"uv": [1.5, 9, 3, 9.5], "texture": "#1"},
				"up": {"uv": [6, 9, 4.5, 7.5], "texture": "#1"},
				"down": {"uv": [0, 0, 16, 16], "texture": "#1"}
			}
		},
		{
			"name": "glass",
			"from": [6, 7, 5],
			"to": [10, 8, 11],
			"rotation": {"angle": 0, "axis": "y", "origin": [6, 7, 5]},
			"faces": {
				"north": {"uv": [0, 0, 16, 16], "texture": "#1"},
				"east": {"uv": [9, 4.25, 10.5, 4.5], "texture": "#1"},
				"south": {"uv": [5, 9.5, 6, 9.75], "texture": "#1"},
				"west": {"uv": [9, 4.5, 10.5, 4.75], "texture": "#1"},
				"up": {"uv": [8.5, 9, 7.5, 7.5], "texture": "#1"},
				"down": {"uv": [0, 0, 16, 16], "texture": "#1"}
			}
		},
		{
			"name": "glass",
			"from": [5, 3, 6],
			"to": [6, 4, 10],
			"rotation": {"angle": 0, "axis": "y", "origin": [5, 3, 5]},
			"faces": {
				"north": {"uv": [0, 0, 16, 16], "texture": "#1"},
				"east": {"uv": [6, 9.5, 7, 9.75], "texture": "#1"},
				"south": {"uv": [10, 9.25, 10.25, 9.5], "texture": "#1"},
				"west": {"uv": [9.5, 6, 10.5, 6.25], "texture": "#1"},
				"up": {"uv": [9.75, 7.25, 9.5, 6.25], "texture": "#1"},
				"down": {"uv": [0, 0, 16, 16], "texture": "#1"}
			}
		},
		{
			"name": "glass",
			"from": [5, 7, 6],
			"to": [6, 8, 10],
			"rotation": {"angle": 0, "axis": "y", "origin": [5, 7, 5]},
			"faces": {
				"north": {"uv": [0, 0, 16, 16], "texture": "#1"},
				"east": {"uv": [7.25, 9.5, 8.25, 9.75], "texture": "#1"},
				"south": {"uv": [9.75, 10, 10, 10.25], "texture": "#1"},
				"west": {"uv": [9.5, 7.25, 10.5, 7.5], "texture": "#1"},
				"up": {"uv": [8.5, 10.5, 8.25, 9.5], "texture": "#1"},
				"down": {"uv": [0, 0, 16, 16], "texture": "#1"}
			}
		},
		{
			"name": "glass",
			"from": [10, 3, 6],
			"to": [11, 4, 10],
			"rotation": {"angle": 0, "axis": "y", "origin": [10, 3, 5]},
			"faces": {
				"north": {"uv": [0, 0, 16, 16], "texture": "#1"},
				"east": {"uv": [8.75, 9.5, 9.75, 9.75], "texture": "#1"},
				"south": {"uv": [0.5, 10.25, 0.75, 10.5], "texture": "#1"},
				"west": {"uv": [0, 9.75, 1, 10], "texture": "#1"},
				"up": {"uv": [1.25, 10.75, 1, 9.75], "texture": "#1"},
				"down": {"uv": [0, 0, 16, 16], "texture": "#1"}
			}
		},
		{
			"name": "glass",
			"from": [10, 7, 6],
			"to": [11, 8, 10],
			"rotation": {"angle": 0, "axis": "y", "origin": [10, 7, 5]},
			"faces": {
				"north": {"uv": [0, 0, 16, 16], "texture": "#1"},
				"east": {"uv": [1.5, 9.75, 2.5, 10], "texture": "#1"},
				"south": {"uv": [1.5, 10.25, 1.75, 10.5], "texture": "#1"},
				"west": {"uv": [4, 9.75, 5, 10], "texture": "#1"},
				"up": {"uv": [2.75, 10.75, 2.5, 9.75], "texture": "#1"},
				"down": {"uv": [0, 0, 16, 16], "texture": "#1"}
			}
		},
		{
			"name": "glass",
			"from": [6, 3, 5],
			"to": [10, 4, 11],
			"rotation": {"angle": 0, "axis": "y", "origin": [6, 3, 5]},
			"faces": {
				"north": {"uv": [0, 0, 16, 16], "texture": "#1"},
				"east": {"uv": [9, 4.75, 10.5, 5], "texture": "#1"},
				"south": {"uv": [6, 9.75, 7, 10], "texture": "#1"},
				"west": {"uv": [9, 5, 10.5, 5.25], "texture": "#1"},
				"up": {"uv": [9, 6, 8, 4.5], "texture": "#1"},
				"down": {"uv": [0, 0, 16, 16], "texture": "#1"}
			}
		},
		{
			"name": "glass",
			"from": [6, 4, 7],
			"to": [7, 5, 9],
			"rotation": {"angle": 0, "axis": "y", "origin": [5, 4, 5]},
			"faces": {
				"north": {"uv": [0, 0, 16, 16], "texture": "#1"},
				"east": {"uv": [7.75, 9.75, 8.25, 10], "texture": "#1"},
				"south": {"uv": [2, 10.25, 2.25, 10.5], "texture": "#1"},
				"west": {"uv": [9.75, 9.75, 10.25, 10], "texture": "#1"},
				"up": {"uv": [0.25, 10.5, 0, 10], "texture": "#1"},
				"down": {"uv": [0, 0, 16, 16], "texture": "#1"}
			}
		},
		{
			"name": "glass",
			"from": [7, 4, 6],
			"to": [9, 5, 10],
			"rotation": {"angle": 0, "axis": "y", "origin": [6, 4, 5]},
			"faces": {
				"north": {"uv": [0, 0, 16, 16], "texture": "#1"},
				"east": {"uv": [9.75, 6.25, 10.75, 6.5], "texture": "#1"},
				"south": {"uv": [1.5, 10, 2, 10.25], "texture": "#1"},
				"west": {"uv": [9.75, 6.5, 10.75, 6.75], "texture": "#1"},
				"up": {"uv": [9.5, 2.5, 9, 1.5], "texture": "#1"},
				"down": {"uv": [0, 0, 16, 16], "texture": "#1"}
			}
		},
		{
			"name": "glass",
			"from": [7, 5, 7],
			"to": [9, 6, 9],
			"rotation": {"angle": 0, "axis": "y", "origin": [6, 5, 5]},
			"faces": {
				"north": {"uv": [0, 0, 16, 16], "texture": "#1"},
				"east": {"uv": [3, 10, 3.5, 10.25], "texture": "#1"},
				"south": {"uv": [3.5, 10, 4, 10.25], "texture": "#1"},
				"west": {"uv": [4, 10, 4.5, 10.25], "texture": "#1"},
				"up": {"uv": [10.25, 7.25, 9.75, 6.75], "texture": "#1"},
				"down": {"uv": [0, 0, 16, 16], "texture": "#1"}
			}
		},
		{
			"name": "glass",
			"from": [9, 4, 7],
			"to": [10, 5, 9],
			"rotation": {"angle": 0, "axis": "y", "origin": [9, 4, 5]},
			"faces": {
				"north": {"uv": [0, 0, 16, 16], "texture": "#1"},
				"east": {"uv": [4.5, 10, 5, 10.25], "texture": "#1"},
				"south": {"uv": [3, 10.25, 3.25, 10.5], "texture": "#1"},
				"west": {"uv": [5, 10, 5.5, 10.25], "texture": "#1"},
				"up": {"uv": [5.75, 10.5, 5.5, 10], "texture": "#1"},
				"down": {"uv": [0, 0, 16, 16], "texture": "#1"}
			}
		},
		{
			"name": "glass",
			"from": [9, 6, 7],
			"to": [10, 7, 9],
			"rotation": {"angle": 0, "axis": "y", "origin": [9, 6, 5]},
			"faces": {
				"north": {"uv": [0, 0, 16, 16], "texture": "#1"},
				"east": {"uv": [6, 10, 6.5, 10.25], "texture": "#1"},
				"south": {"uv": [3.5, 10.25, 3.75, 10.5], "texture": "#1"},
				"west": {"uv": [6.5, 10, 7, 10.25], "texture": "#1"},
				"up": {"uv": [10.25, 8, 10, 7.5], "texture": "#1"},
				"down": {"uv": [0, 0, 16, 16], "texture": "#1"}
			}
		},
		{
			"name": "glass",
			"from": [7, 6, 6],
			"to": [9, 7, 10],
			"rotation": {"angle": 0, "axis": "y", "origin": [6, 6, 5]},
			"faces": {
				"north": {"uv": [0, 0, 16, 16], "texture": "#1"},
				"east": {"uv": [8.75, 9.75, 9.75, 10], "texture": "#1"},
				"south": {"uv": [10, 8.25, 10.5, 8.5], "texture": "#1"},
				"west": {"uv": [9.75, 9.5, 10.75, 9.75], "texture": "#1"},
				"up": {"uv": [3.5, 10, 3, 9], "texture": "#1"},
				"down": {"uv": [0, 0, 16, 16], "texture": "#1"}
			}
		},
		{
			"name": "glass",
			"from": [6, 6, 7],
			"to": [7, 7, 9],
			"rotation": {"angle": 0, "axis": "y", "origin": [5, 6, 5]},
			"faces": {
				"north": {"uv": [0, 0, 16, 16], "texture": "#1"},
				"east": {"uv": [10, 8.5, 10.5, 8.75], "texture": "#1"},
				"south": {"uv": [4, 10.25, 4.25, 10.5], "texture": "#1"},
				"west": {"uv": [8.75, 10, 9.25, 10.25], "texture": "#1"},
				"up": {"uv": [8.25, 10.5, 8, 10], "texture": "#1"},
				"down": {"uv": [0, 0, 16, 16], "texture": "#1"}
			}
		},
		{
			"from": [6, 1, 6],
			"to": [10, 2, 10],
			"rotation": {"angle": 0, "axis": "y", "origin": [6, 1, 6]},
			"faces": {
				"north": {"uv": [0, 0, 16, 16], "texture": "#0"},
				"east": {"uv": [4, 5, 8, 6], "texture": "#0"},
				"south": {"uv": [4, 6, 8, 7], "texture": "#0"},
				"west": {"uv": [4, 7, 8, 8], "texture": "#0"},
				"up": {"uv": [4, 4, 0, 0], "texture": "#0"},
				"down": {"uv": [0, 0, 16, 16], "texture": "#0"}
			}
		},
		{
			"from": [6, 2, 7],
			"to": [10, 3, 9],
			"rotation": {"angle": 0, "axis": "y", "origin": [6, 2, 6]},
			"faces": {
				"north": {"uv": [0, 0, 16, 16], "texture": "#0"},
				"east": {"uv": [8, 1, 10, 2], "texture": "#0"},
				"south": {"uv": [8, 0, 12, 1], "texture": "#0"},
				"west": {"uv": [8, 2, 10, 3], "texture": "#0"},
				"up": {"uv": [8, 2, 4, 0], "texture": "#0"},
				"down": {"uv": [0, 0, 16, 16], "texture": "#0"}
			}
		},
		{
			"from": [7, 2, 6],
			"to": [9, 3, 7],
			"rotation": {"angle": 0, "axis": "y", "origin": [6, 2, 5]},
			"faces": {
				"north": {"uv": [0, 0, 16, 16], "texture": "#0"},
				"east": {"uv": [0, 9, 1, 10], "texture": "#0"},
				"south": {"uv": [4, 8, 6, 9], "texture": "#0"},
				"west": {"uv": [1, 9, 2, 10], "texture": "#0"},
				"up": {"uv": [10, 5, 8, 4], "texture": "#0"},
				"down": {"uv": [0, 0, 16, 16], "texture": "#0"}
			}
		},
		{
			"from": [7, 2, 9],
			"to": [9, 3, 10],
			"rotation": {"angle": 0, "axis": "y", "origin": [6, 2, 8]},
			"faces": {
				"north": {"uv": [0, 0, 16, 16], "texture": "#0"},
				"east": {"uv": [2, 9, 3, 10], "texture": "#0"},
				"south": {"uv": [8, 6, 10, 7], "texture": "#0"},
				"west": {"uv": [3, 9, 4, 10], "texture": "#0"},
				"up": {"uv": [10, 8, 8, 7], "texture": "#0"},
				"down": {"uv": [0, 0, 16, 16], "texture": "#0"}
			}
		}
	],
	"display": {
		"head": {
			"scale": [1.5, 1.5, 1.5]
		}
	},
	"groups": [
		{
			"name": "Box",
			"origin": [7, 0, 17],
			"color": 0,
			"children": [0]
		},
		{
			"name": "time glass base",
			"origin": [0, 0, 0],
			"color": 0,
			"children": [1, 2, 3]
		},
		{
			"name": "time glass top",
			"origin": [0, 0, 0],
			"color": 0,
			"children": [4, 5, 6]
		},
		{
			"name": "glass",
			"origin": [6, 2, 5],
			"color": 0,
			"children": [7, 8, 9, 10, 11, 12, 13, 14, 15, 16, 17, 18, 19, 20, 21]
		},
		{
			"name": "sand",
			"origin": [8, 8, 8],
			"color": 0,
			"children": [22, 23, 24, 25]
		}
	]
}