{
	"format_version": "1.21.6",
	"credit": "Made with Blockbench",
	"texture_size": [32, 32],
	"textures": {
		"2": "block/barrel_side",
		"3": "block/barrel_bottom",
		"particle": "block/barrel_side"
	},
	"elements": [
		{
			"from": [7, 3, 16],
			"to": [9, 5, 21],
			"rotation": {"angle": 0, "axis": "y", "origin": [7, 3, 24]},
			"faces": {
				"north": {"uv": [3.5, 0.5, 4.5, 1.5], "texture": "#3"},
				"east": {"uv": [1, 1.5, 4, 2.5], "texture": "#3"},
				"south": {"uv": [0.5, 2.5, 1.5, 3.5], "texture": "#3"},
				"west": {"uv": [5, 1.5, 8, 2.5], "texture": "#3"},
				"up": {"uv": [2.5, 1.5, 3.5, 4.5], "texture": "#3"},
				"down": {"uv": [3, 1.5, 4, 4.5], "texture": "#3"}
			}
		},
		{
			"from": [7, 5, 19],
			"to": [9, 11, 21],
			"rotation": {"angle": 0, "axis": "y", "origin": [7, 6, 27]},
			"faces": {
				"north": {"uv": [3.5, 0.5, 4.5, 1.5], "texture": "#3"},
				"east": {"uv": [1, 1.5, 4, 2.5], "texture": "#3"},
				"south": {"uv": [0.5, 2.5, 1.5, 3.5], "texture": "#3"},
				"west": {"uv": [5.5, 1.5, 6.5, 4.5], "texture": "#3"},
				"up": {"uv": [2.5, 1.5, 3.5, 4.5], "texture": "#3"},
				"down": {"uv": [3, 1.5, 4, 4.5], "texture": "#3"}
			}
		},
		{
			"from": [7, 11, 16],
			"to": [9, 13, 21],
			"rotation": {"angle": 0, "axis": "y", "origin": [7, 11, 24]},
			"faces": {
				"north": {"uv": [3.5, 0.5, 4.5, 1.5], "texture": "#3"},
				"east": {"uv": [1, 1.5, 4, 2.5], "texture": "#3"},
				"south": {"uv": [0.5, 2.5, 1.5, 3.5], "texture": "#3"},
				"west": {"uv": [5, 1.5, 8, 2.5], "texture": "#3"},
				"up": {"uv": [2.5, 1.5, 3.5, 4.5], "texture": "#3"},
				"down": {"uv": [3, 1.5, 4, 4.5], "texture": "#3"}
			}
		},
		{
			"from": [3, 0, 4],
			"to": [13, 16, 5],
			"rotation": {"angle": 0, "axis": "y", "origin": [0, 0, 4]},
			"faces": {
				"north": {"uv": [0, 0, 10, 16], "texture": "#2"},
				"east": {"uv": [0, 0, 0.125, 2], "texture": "#missing"},
				"south": {"uv": [0, 0, 10, 16], "texture": "#2"},
				"west": {"uv": [0, 0, 0.125, 2], "texture": "#missing"},
				"up": {"uv": [2, 3, 1, 13], "rotation": 90, "texture": "#3"},
				"down": {"uv": [1, 0, 15, 1], "texture": "#3"}
			}
		},
		{
			"from": [3, 0, 5],
			"to": [13, 1, 15],
			"faces": {
				"north": {"uv": [0, 0, 2, 0.25], "texture": "#missing"},
				"east": {"uv": [0, 0, 2, 0.25], "texture": "#missing"},
				"south": {"uv": [0, 0, 2, 0.25], "texture": "#missing"},
				"west": {"uv": [0, 0, 2, 0.25], "texture": "#missing"},
				"up": {"uv": [3, 3, 13, 13], "texture": "#3"},
				"down": {"uv": [3, 3, 13, 13], "texture": "#3"}
			}
		},
		{
			"from": [2, 0, 4],
			"to": [3, 16, 16],
			"rotation": {"angle": 0, "axis": "y", "origin": [2, 0, 2]},
			"faces": {
				"north": {"uv": [15, 0, 16, 16], "texture": "#2"},
				"east": {"uv": [4, 16, 16, 0], "texture": "#2"},
				"south": {"uv": [0, 0, 0.25, 16], "texture": "#2"},
				"west": {"uv": [3, 0, 15, 16], "texture": "#2"},
				"up": {"uv": [2, 14, 3, 2], "texture": "#3"},
				"down": {"uv": [15, 0, 16, 16], "texture": "#3"}
			}
		},
		{
			"from": [13, 0, 4],
			"to": [14, 16, 16],
			"rotation": {"angle": 0, "axis": "y", "origin": [13, 0, 2]},
			"faces": {
				"north": {"uv": [15, 0, 16, 16], "texture": "#2"},
				"east": {"uv": [0, 16, 12, 0], "texture": "#2"},
				"south": {"uv": [0, 0, 1, 16], "texture": "#2"},
				"west": {"uv": [3, 0, 15, 16], "texture": "#2"},
				"up": {"uv": [2, 14, 3, 2], "texture": "#3"},
				"down": {"uv": [0, 0, 1, 16], "texture": "#3"}
			}
		},
		{
			"from": [3, 0, 15],
			"to": [13, 16, 16],
			"rotation": {"angle": 0, "axis": "y", "origin": [0, 0, 15]},
			"faces": {
				"north": {"uv": [4, 0, 14, 16], "texture": "#2"},
				"east": {"uv": [0, 0, 0.125, 2], "texture": "#missing"},
				"south": {"uv": [3, 0, 13, 16], "texture": "#2"},
				"west": {"uv": [0, 0, 0.125, 2], "texture": "#missing"},
				"up": {"uv": [4, 4, 5, 14], "rotation": 90, "texture": "#3"},
				"down": {"uv": [1, 15, 15, 16], "texture": "#3"}
			}
		}
	],
	"display": {
		"thirdperson_righthand": {
			"translation": [0.5, -1.75, -5],
			"scale": [0.5, 0.5, 0.5]
		},
		"thirdperson_lefthand": {
			"translation": [0.5, -1.5, -5],
			"scale": [0.5, 0.5, 0.5]
		},
		"firstperson_righthand": {
			"translation": [-2.75, 1.25, 0.25],
			"scale": [0.6, 0.6, 0.6]
		},
		"firstperson_lefthand": {
			"translation": [-2.75, 1.25, 0.25],
			"scale": [0.6, 0.6, 0.6]
		},
		"ground": {
			"translation": [0, 4, 0],
			"scale": [0.6, 0.6, 0.6]
		},
		"gui": {
			"rotation": [45, 45, 0],
			"translation": [-0.75, 0.5, 0],
			"scale": [0.6, 0.6, 0.6]
		},
		"head": {
			"translation": [0, 0, -1.75]
		},
		"fixed": {
			"rotation": [0, 90, 0],
			"translation": [-4, 0, 0]
		}
	},
	"groups": [
		{
			"name": "Handle",
			"origin": [0, 0, 0],
			"color": 0,
			"children": [0, 1, 2]
		},
		3,
		4,
		5,
		6,
		7
	]
}