{
	"format_version": "1.21.6",
	"credit": "Made with Blockbench",
	"texture_size": [64, 64],
	"textures": {
		"0": "item/knight_helmet",
		"particle": "item/knight_helmet"
	},
	"elements": [
		{
			"from": [-3.25, 6.75, 0],
			"to": [-2.25, 10.75, 10],
			"rotation": {"angle": -22.5, "axis": "z", "origin": [-0.25, 2.75, -8]},
			"faces": {
				"north": {"uv": [3.25, 6.5, 3.5, 7.5], "texture": "#0"},
				"east": {"uv": [3.5, 2.5, 6, 3.5], "texture": "#0"},
				"south": {"uv": [4.75, 8.25, 5, 9.25], "texture": "#0"},
				"west": {"uv": [3.5, 3.5, 6, 4.5], "texture": "#0"},
				"up": {"uv": [1.25, 9.75, 1, 7.25], "texture": "#0"},
				"down": {"uv": [1.5, 7.25, 1.25, 9.75], "texture": "#0"}
			}
		},
		{
			"from": [-2.25, 6.75, 9],
			"to": [3.75, 10.75, 10],
			"rotation": {"angle": -22.5, "axis": "z", "origin": [-0.25, 2.75, -8]},
			"faces": {
				"north": {"uv": [6.75, 3.75, 8.25, 4.75], "texture": "#0"},
				"east": {"uv": [8.25, 8.75, 8.5, 9.75], "texture": "#0"},
				"south": {"uv": [6.75, 4.75, 8.25, 5.75], "texture": "#0"},
				"west": {"uv": [8.5, 8.75, 8.75, 9.75], "texture": "#0"},
				"up": {"uv": [6, 2.5, 4.5, 2.25], "texture": "#0"},
				"down": {"uv": [10.25, 0.75, 8.75, 1], "texture": "#0"}
			}
		},
		{
			"from": [-2.25, 6.75, 0],
			"to": [3.75, 10.75, 1],
			"rotation": {"angle": -22.5, "axis": "z", "origin": [-0.25, 2.75, -8]},
			"faces": {
				"north": {"uv": [5.5, 6.75, 7, 7.75], "texture": "#0"},
				"east": {"uv": [8.75, 8.75, 9, 9.75], "texture": "#0"},
				"south": {"uv": [6.75, 5.75, 8.25, 6.75], "texture": "#0"},
				"west": {"uv": [9, 2.25, 9.25, 3.25], "texture": "#0"},
				"up": {"uv": [10.25, 1.25, 8.75, 1], "texture": "#0"},
				"down": {"uv": [10.25, 1.25, 8.75, 1.5], "texture": "#0"}
			}
		},
		{
			"from": [0, -1, 0],
			"to": [1, 2, 10],
			"rotation": {"angle": 12.5, "axis": "z", "origin": [2, -1, -8]},
			"faces": {
				"north": {"uv": [2.5, 9, 2.75, 9.75], "texture": "#0"},
				"east": {"uv": [4.5, 0, 7, 0.75], "texture": "#0"},
				"south": {"uv": [2.75, 9, 3, 9.75], "texture": "#0"},
				"west": {"uv": [4.5, 0.75, 7, 1.5], "texture": "#0"},
				"up": {"uv": [1.75, 9.75, 1.5, 7.25], "texture": "#0"},
				"down": {"uv": [2, 7.25, 1.75, 9.75], "texture": "#0"}
			}
		},
		{
			"from": [1, -1, 9],
			"to": [7, 2, 10],
			"rotation": {"angle": 12.5, "axis": "z", "origin": [2, -1, 0]},
			"faces": {
				"north": {"uv": [5.5, 7.75, 7, 8.5], "texture": "#0"},
				"east": {"uv": [3, 9, 3.25, 9.75], "texture": "#0"},
				"south": {"uv": [7, 8, 8.5, 8.75], "texture": "#0"},
				"west": {"uv": [3.25, 9, 3.5, 9.75], "texture": "#0"},
				"up": {"uv": [10.25, 1.75, 8.75, 1.5], "texture": "#0"},
				"down": {"uv": [10.25, 1.75, 8.75, 2], "texture": "#0"}
			}
		},
		{
			"from": [1, -1, 0],
			"to": [7, 2, 1],
			"rotation": {"angle": 12.5, "axis": "z", "origin": [2, -1, -8]},
			"faces": {
				"north": {"uv": [2.5, 8.25, 4, 9], "texture": "#0"},
				"east": {"uv": [3.5, 9, 3.75, 9.75], "texture": "#0"},
				"south": {"uv": [8.25, 3.75, 9.75, 4.5], "texture": "#0"},
				"west": {"uv": [3.75, 9, 4, 9.75], "texture": "#0"},
				"up": {"uv": [10.25, 2.25, 8.75, 2], "texture": "#0"},
				"down": {"uv": [10.25, 6.75, 8.75, 7], "texture": "#0"}
			}
		},
		{
			"from": [5, 0, 0.75],
			"to": [9, 7, 0.75],
			"rotation": {"angle": 0, "axis": "y", "origin": [7, 0, 0.75]},
			"faces": {
				"north": {"uv": [2.5, 4.75, 3.5, 6.5], "texture": "#0"},
				"east": {"uv": [0, 0, 0, 1.75], "texture": "#0"},
				"south": {"uv": [5, 4.5, 6, 6.25], "texture": "#0"},
				"west": {"uv": [0, 0, 0, 1.75], "texture": "#0"},
				"up": {"uv": [1, 0, 0, 0], "texture": "#0"},
				"down": {"uv": [1, 0, 0, 0], "texture": "#0"}
			}
		},
		{
			"from": [5, 0, 9.25],
			"to": [9, 7, 9.25],
			"rotation": {"angle": 0, "axis": "y", "origin": [7, 0, 9.25]},
			"faces": {
				"north": {"uv": [0, 5.5, 1, 7.25], "texture": "#0"},
				"east": {"uv": [0, 0, 0, 1.75], "texture": "#0"},
				"south": {"uv": [1, 5.5, 2, 7.25], "texture": "#0"},
				"west": {"uv": [0, 0, 0, 1.75], "texture": "#0"},
				"up": {"uv": [1, 0, 0, 0], "texture": "#0"},
				"down": {"uv": [1, 0, 0, 0], "texture": "#0"}
			}
		},
		{
			"from": [2, 7, 9.25],
			"to": [9, 10, 9.25],
			"rotation": {"angle": 0, "axis": "y", "origin": [7, 7, 9.25]},
			"faces": {
				"north": {"uv": [7, 0, 8.75, 0.75], "texture": "#0"},
				"east": {"uv": [0, 0, 0, 0.75], "texture": "#0"},
				"south": {"uv": [7, 0.75, 8.75, 1.5], "texture": "#0"},
				"west": {"uv": [0, 0, 0, 0.75], "texture": "#0"},
				"up": {"uv": [1.75, 0, 0, 0], "texture": "#0"},
				"down": {"uv": [1.75, 0, 0, 0], "texture": "#0"}
			}
		},
		{
			"from": [2, 7, 0.75],
			"to": [9, 10, 0.75],
			"rotation": {"angle": 0, "axis": "y", "origin": [7, 7, 0.75]},
			"faces": {
				"north": {"uv": [7, 1.5, 8.75, 2.25], "texture": "#0"},
				"east": {"uv": [0, 0, 0, 0.75], "texture": "#0"},
				"south": {"uv": [7, 6.75, 8.75, 7.5], "texture": "#0"},
				"west": {"uv": [0, 0, 0, 0.75], "texture": "#0"},
				"up": {"uv": [1.75, 0, 0, 0], "texture": "#0"},
				"down": {"uv": [1.75, 0, 0, 0], "texture": "#0"}
			}
		},
		{
			"from": [9, 0, 0.75],
			"to": [9, 10, 9.25],
			"rotation": {"angle": 0, "axis": "y", "origin": [9, 0, 0.75]},
			"faces": {
				"north": {"uv": [0, 0, 0, 2.5], "texture": "#0"},
				"east": {"uv": [0, 0, 2.25, 2.5], "texture": "#0"},
				"south": {"uv": [0, 0, 0, 2.5], "texture": "#0"},
				"west": {"uv": [2.25, 0, 4.5, 2.5], "texture": "#0"},
				"up": {"uv": [0, 2.25, 0, 0], "texture": "#0"},
				"down": {"uv": [0, 0, 0, 2.25], "texture": "#0"}
			}
		},
		{
			"from": [2, 7, 0.75],
			"to": [2, 10, 9.25],
			"rotation": {"angle": 0, "axis": "y", "origin": [2, 0, 0.75]},
			"faces": {
				"north": {"uv": [0, 0, 0, 0.75], "texture": "#0"},
				"east": {"uv": [6.75, 2.25, 9, 3], "texture": "#0"},
				"south": {"uv": [0, 0, 0, 0.75], "texture": "#0"},
				"west": {"uv": [6.75, 3, 9, 3.75], "texture": "#0"},
				"up": {"uv": [0, 2.25, 0, 0], "texture": "#0"},
				"down": {"uv": [0, 0, 0, 2.25], "texture": "#0"}
			}
		},
		{
			"from": [2, 10, 0.75],
			"to": [9, 10, 9.25],
			"rotation": {"angle": 0, "axis": "y", "origin": [9, 0, 0.75]},
			"faces": {
				"north": {"uv": [0, 0, 1.75, 0], "texture": "#0"},
				"east": {"uv": [0, 0, 2.25, 0], "texture": "#0"},
				"south": {"uv": [0, 0, 1.75, 0], "texture": "#0"},
				"west": {"uv": [0, 0, 2.25, 0], "texture": "#0"},
				"up": {"uv": [1.75, 4.75, 0, 2.5], "texture": "#0"},
				"down": {"uv": [3.5, 2.5, 1.75, 4.75], "texture": "#0"}
			}
		},
		{
			"from": [1, 10, 3.5],
			"to": [11, 12, 6.5],
			"rotation": {"angle": 0, "axis": "y", "origin": [1, 10, 3.5]},
			"faces": {
				"north": {"uv": [7, 7.5, 9.5, 8], "texture": "#0"},
				"east": {"uv": [2.5, 7.25, 3.25, 7.75], "texture": "#0"},
				"south": {"uv": [2.5, 7.75, 5, 8.25], "texture": "#0"},
				"west": {"uv": [7, 8.75, 7.75, 9.25], "texture": "#0"},
				"up": {"uv": [7, 2.25, 4.5, 1.5], "texture": "#0"},
				"down": {"uv": [2.5, 4.75, 0, 5.5], "texture": "#0"}
			}
		},
		{
			"from": [5, 12, 3.5],
			"to": [11, 15, 6.5],
			"rotation": {"angle": 0, "axis": "y", "origin": [1, 12, 3.5]},
			"faces": {
				"north": {"uv": [8.25, 4.5, 9.75, 5.25], "texture": "#0"},
				"east": {"uv": [2.5, 6.5, 3.25, 7.25], "texture": "#0"},
				"south": {"uv": [8.25, 5.25, 9.75, 6], "texture": "#0"},
				"west": {"uv": [4, 8.25, 4.75, 9], "texture": "#0"},
				"up": {"uv": [9.75, 6.75, 8.25, 6], "texture": "#0"},
				"down": {"uv": [7, 8.5, 5.5, 9.25], "texture": "#0"}
			}
		},
		{
			"from": [11, 2, 3.5],
			"to": [13, 15, 6.5],
			"rotation": {"angle": 0, "axis": "y", "origin": [3, 10, 4.5]},
			"faces": {
				"north": {"uv": [2, 5.5, 2.5, 8.75], "texture": "#0"},
				"east": {"uv": [3.5, 4.5, 4.25, 7.75], "texture": "#0"},
				"south": {"uv": [5, 6.25, 5.5, 9.5], "texture": "#0"},
				"west": {"uv": [4.25, 4.5, 5, 7.75], "texture": "#0"},
				"up": {"uv": [2.5, 9.5, 2, 8.75], "texture": "#0"},
				"down": {"uv": [8.25, 8.75, 7.75, 9.5], "texture": "#0"}
			}
		},
		{
			"from": [5, 12, 7],
			"to": [13, 16, 7],
			"rotation": {"angle": 22.5, "axis": "y", "origin": [5, 13, 7]},
			"faces": {
				"north": {"uv": [3.5, 6.75, 5.5, 7.75], "texture": "#0"},
				"east": {"uv": [0, 0, 0, 1], "texture": "#0"},
				"south": {"uv": [3.5, 6.75, 5.5, 7.75], "texture": "#0"},
				"west": {"uv": [0, 0, 0, 1], "texture": "#0"},
				"up": {"uv": [0, 0, 2, 0], "texture": "#0"},
				"down": {"uv": [0, 0, 2, 0], "texture": "#0"}
			}
		},
		{
			"from": [5, 12, 3],
			"to": [13, 16, 3],
			"rotation": {"angle": -22.5, "axis": "y", "origin": [5, 13, 3]},
			"faces": {
				"north": {"uv": [3.5, 6.5, 5.5, 7.5], "texture": "#0"},
				"east": {"uv": [0, 0, 0, 1], "texture": "#0"},
				"south": {"uv": [3.5, 6.5, 5.5, 7.5], "texture": "#0"},
				"west": {"uv": [0, 0, 0, 1], "texture": "#0"},
				"up": {"uv": [0, 0, 2, 0], "texture": "#0"},
				"down": {"uv": [0, 0, 2, 0], "texture": "#0"}
			}
		},
		{
			"from": [9, 1, 3.5],
			"to": [11, 10, 6.5],
			"rotation": {"angle": 0, "axis": "y", "origin": [1, 10, 4.5]},
			"faces": {
				"north": {"uv": [0, 7.25, 0.5, 9.5], "texture": "#0"},
				"east": {"uv": [6, 2.25, 6.75, 4.5], "texture": "#0"},
				"south": {"uv": [0.5, 7.25, 1, 9.5], "texture": "#0"},
				"west": {"uv": [6, 4.5, 6.75, 6.75], "texture": "#0"},
				"up": {"uv": [9, 8.75, 8.5, 8], "texture": "#0"},
				"down": {"uv": [9.25, 0, 8.75, 0.75], "texture": "#0"}
			}
		}
	],
	"display": {
		"gui": {
			"rotation": [45, 45, 0],
			"translation": [3, 0.5, 0],
			"scale": [0.75, 0.75, 0.75]
		},
		"head": {
			"rotation": [-180, -90, -180],
			"translation": [-4.75, 4, 5.5],
			"scale": [1.6, 1.6, 1.6]
		}
	},
	"groups": [
		{
			"name": "scharnier_oben",
			"origin": [8, 8, 8],
			"color": 0,
			"children": [0, 1, 2]
		},
		{
			"name": "scharnier_unten",
			"origin": [8, 8, 8],
			"color": 0,
			"children": [3, 4, 5]
		},
		6,
		7,
		8,
		9,
		10,
		11,
		12,
		13,
		{
			"name": "feathers",
			"origin": [1, 12, 3.5],
			"color": 0,
			"children": [14, 15, 16, 17]
		},
		18
	]
}