{
	"format_version": "1.9.0",
	"credit": "Made with Blockbench",
	"texture_size": [128, 128],
	"textures": {
		"0": "item/knight_helmet",
		"1": "block/netherite_block",
		"2": "block/spruce_planks",
		"3": "block/iron_block",
		"particle": "item/knight_helmet"
	},
	"elements": [
		{
			"from": [5, 16, 0.75],
			"to": [9, 23, 0.75],
			"rotation": {"angle": 0, "axis": "y", "origin": [7, 16, 0.75]},
			"faces": {
				"north": {"uv": [2.5, 4.75, 3.5, 6.5], "texture": "#0"},
				"east": {"uv": [0, 0, 0, 1.75], "texture": "#0"},
				"south": {"uv": [5, 4.5, 6, 6.25], "texture": "#0"},
				"west": {"uv": [0, 0, 0, 1.75], "texture": "#0"},
				"up": {"uv": [1, 0, 0, 0], "texture": "#0"},
				"down": {"uv": [1, 0, 0, 0], "texture": "#0"}
			}
		},
		{
			"from": [5, 16, 9.25],
			"to": [9, 23, 9.25],
			"rotation": {"angle": 0, "axis": "y", "origin": [7, 16, 9.25]},
			"faces": {
				"north": {"uv": [0, 5.5, 1, 7.25], "texture": "#0"},
				"east": {"uv": [0, 0, 0, 1.75], "texture": "#0"},
				"south": {"uv": [1, 5.5, 2, 7.25], "texture": "#0"},
				"west": {"uv": [0, 0, 0, 1.75], "texture": "#0"},
				"up": {"uv": [1, 0, 0, 0], "texture": "#0"},
				"down": {"uv": [1, 0, 0, 0], "texture": "#0"}
			}
		},
		{
			"from": [2, 23, 9.25],
			"to": [9, 26, 9.25],
			"rotation": {"angle": 0, "axis": "y", "origin": [7, 23, 9.25]},
			"faces": {
				"north": {"uv": [7, 0, 8.75, 0.75], "texture": "#0"},
				"east": {"uv": [0, 0, 0, 0.75], "texture": "#0"},
				"south": {"uv": [7, 0.75, 8.75, 1.5], "texture": "#0"},
				"west": {"uv": [0, 0, 0, 0.75], "texture": "#0"},
				"up": {"uv": [1.75, 0, 0, 0], "texture": "#0"},
				"down": {"uv": [1.75, 0, 0, 0], "texture": "#0"}
			}
		},
		{
			"from": [2, 23, 0.75],
			"to": [9, 26, 0.75],
			"rotation": {"angle": 0, "axis": "y", "origin": [7, 23, 0.75]},
			"faces": {
				"north": {"uv": [7, 1.5, 8.75, 2.25], "texture": "#0"},
				"east": {"uv": [0, 0, 0, 0.75], "texture": "#0"},
				"south": {"uv": [7, 6.75, 8.75, 7.5], "texture": "#0"},
				"west": {"uv": [0, 0, 0, 0.75], "texture": "#0"},
				"up": {"uv": [1.75, 0, 0, 0], "texture": "#0"},
				"down": {"uv": [1.75, 0, 0, 0], "texture": "#0"}
			}
		},
		{
			"from": [9, 16, 0.75],
			"to": [9, 26, 9.25],
			"rotation": {"angle": 0, "axis": "y", "origin": [9, 16, 0.75]},
			"faces": {
				"north": {"uv": [0, 0, 0, 2.5], "texture": "#0"},
				"east": {"uv": [0, 0, 2.25, 2.5], "texture": "#0"},
				"south": {"uv": [0, 0, 0, 2.5], "texture": "#0"},
				"west": {"uv": [2.25, 0, 4.5, 2.5], "texture": "#0"},
				"up": {"uv": [0, 2.25, 0, 0], "texture": "#0"},
				"down": {"uv": [0, 0, 0, 2.25], "texture": "#0"}
			}
		},
		{
			"from": [2, 23, 0.75],
			"to": [2, 26, 9.25],
			"rotation": {"angle": 0, "axis": "y", "origin": [2, 16, 0.75]},
			"faces": {
				"north": {"uv": [0, 0, 0, 0.75], "texture": "#0"},
				"east": {"uv": [6.75, 2.25, 9, 3], "texture": "#0"},
				"south": {"uv": [0, 0, 0, 0.75], "texture": "#0"},
				"west": {"uv": [6.75, 3, 9, 3.75], "texture": "#0"},
				"up": {"uv": [0, 2.25, 0, 0], "texture": "#0"},
				"down": {"uv": [0, 0, 0, 2.25], "texture": "#0"}
			}
		},
		{
			"from": [2, 26, 0.75],
			"to": [9, 26, 9.25],
			"rotation": {"angle": 0, "axis": "y", "origin": [9, 16, 0.75]},
			"faces": {
				"north": {"uv": [0, 0, 1.75, 0], "texture": "#0"},
				"east": {"uv": [0, 0, 2.25, 0], "texture": "#0"},
				"south": {"uv": [0, 0, 1.75, 0], "texture": "#0"},
				"west": {"uv": [0, 0, 2.25, 0], "texture": "#0"},
				"up": {"uv": [1.75, 4.75, 0, 2.5], "texture": "#0"},
				"down": {"uv": [3.5, 2.5, 1.75, 4.75], "texture": "#0"}
			}
		},
		{
			"from": [1, 26, 3.5],
			"to": [11, 28, 6.5],
			"rotation": {"angle": 0, "axis": "y", "origin": [1, 26, 3.5]},
			"faces": {
				"north": {"uv": [7, 7.5, 9.5, 8], "texture": "#0"},
				"east": {"uv": [2.5, 7.25, 3.25, 7.75], "texture": "#0"},
				"south": {"uv": [2.5, 7.75, 5, 8.25], "texture": "#0"},
				"west": {"uv": [7, 8.75, 7.75, 9.25], "texture": "#0"},
				"up": {"uv": [7, 2.25, 4.5, 1.5], "texture": "#0"},
				"down": {"uv": [2.5, 4.75, 0, 5.5], "texture": "#0"}
			}
		},
		{
			"from": [9, 17, 3.5],
			"to": [11, 26, 6.5],
			"rotation": {"angle": 0, "axis": "y", "origin": [1, 26, 4.5]},
			"faces": {
				"north": {"uv": [0, 7.25, 0.5, 9.5], "texture": "#0"},
				"east": {"uv": [6, 2.25, 6.75, 4.5], "texture": "#0"},
				"south": {"uv": [0.5, 7.25, 1, 9.5], "texture": "#0"},
				"west": {"uv": [6, 4.5, 6.75, 6.75], "texture": "#0"},
				"up": {"uv": [9, 8.75, 8.5, 8], "texture": "#0"},
				"down": {"uv": [9.25, 0, 8.75, 0.75], "texture": "#0"}
			}
		},
		{
			"from": [0, 15, 0],
			"to": [1, 18, 10],
			"rotation": {"angle": 22.5, "axis": "z", "origin": [2, 15, -8]},
			"faces": {
				"north": {"uv": [2.5, 9, 2.75, 9.75], "texture": "#0"},
				"east": {"uv": [4.5, 0, 7, 0.75], "texture": "#0"},
				"south": {"uv": [2.75, 9, 3, 9.75], "texture": "#0"},
				"west": {"uv": [4.5, 0.75, 7, 1.5], "texture": "#0"},
				"up": {"uv": [1.75, 9.75, 1.5, 7.25], "texture": "#0"},
				"down": {"uv": [2, 7.25, 1.75, 9.75], "texture": "#0"}
			}
		},
		{
			"from": [1, 15, 9],
			"to": [7, 18, 10],
			"rotation": {"angle": 22.5, "axis": "z", "origin": [2, 15, 0]},
			"faces": {
				"north": {"uv": [5.5, 7.75, 7, 8.5], "texture": "#0"},
				"east": {"uv": [3, 9, 3.25, 9.75], "texture": "#0"},
				"south": {"uv": [7, 8, 8.5, 8.75], "texture": "#0"},
				"west": {"uv": [3.25, 9, 3.5, 9.75], "texture": "#0"},
				"up": {"uv": [10.25, 1.75, 8.75, 1.5], "texture": "#0"},
				"down": {"uv": [10.25, 1.75, 8.75, 2], "texture": "#0"}
			}
		},
		{
			"from": [1, 15, 0],
			"to": [7, 18, 1],
			"rotation": {"angle": 22.5, "axis": "z", "origin": [2, 15, -8]},
			"faces": {
				"north": {"uv": [2.5, 8.25, 4, 9], "texture": "#0"},
				"east": {"uv": [3.5, 9, 3.75, 9.75], "texture": "#0"},
				"south": {"uv": [8.25, 3.75, 9.75, 4.5], "texture": "#0"},
				"west": {"uv": [3.75, 9, 4, 9.75], "texture": "#0"},
				"up": {"uv": [10.25, 2.25, 8.75, 2], "texture": "#0"},
				"down": {"uv": [10.25, 6.75, 8.75, 7], "texture": "#0"}
			}
		},
		{
			"from": [-3.25, 22.75, 0],
			"to": [-2.25, 26.75, 10],
			"rotation": {"angle": -22.5, "axis": "z", "origin": [-0.25, 18.75, -8]},
			"faces": {
				"north": {"uv": [3.25, 6.5, 3.5, 7.5], "texture": "#0"},
				"east": {"uv": [3.5, 2.5, 6, 3.5], "texture": "#0"},
				"south": {"uv": [4.75, 8.25, 5, 9.25], "texture": "#0"},
				"west": {"uv": [3.5, 3.5, 6, 4.5], "texture": "#0"},
				"up": {"uv": [1.25, 9.75, 1, 7.25], "texture": "#0"},
				"down": {"uv": [1.5, 7.25, 1.25, 9.75], "texture": "#0"}
			}
		},
		{
			"from": [-2.25, 22.75, 9],
			"to": [3.75, 26.75, 10],
			"rotation": {"angle": -22.5, "axis": "z", "origin": [-0.25, 18.75, -8]},
			"faces": {
				"north": {"uv": [6.75, 3.75, 8.25, 4.75], "texture": "#0"},
				"east": {"uv": [8.25, 8.75, 8.5, 9.75], "texture": "#0"},
				"south": {"uv": [6.75, 4.75, 8.25, 5.75], "texture": "#0"},
				"west": {"uv": [8.5, 8.75, 8.75, 9.75], "texture": "#0"},
				"up": {"uv": [6, 2.5, 4.5, 2.25], "texture": "#0"},
				"down": {"uv": [10.25, 0.75, 8.75, 1], "texture": "#0"}
			}
		},
		{
			"from": [-2.25, 22.75, 0],
			"to": [3.75, 26.75, 1],
			"rotation": {"angle": -22.5, "axis": "z", "origin": [-0.25, 18.75, -8]},
			"faces": {
				"north": {"uv": [5.5, 6.75, 7, 7.75], "texture": "#0"},
				"east": {"uv": [8.75, 8.75, 9, 9.75], "texture": "#0"},
				"south": {"uv": [6.75, 5.75, 8.25, 6.75], "texture": "#0"},
				"west": {"uv": [9, 2.25, 9.25, 3.25], "texture": "#0"},
				"up": {"uv": [10.25, 1.25, 8.75, 1], "texture": "#0"},
				"down": {"uv": [10.25, 1.25, 8.75, 1.5], "texture": "#0"}
			}
		},
		{
			"from": [5, 28, 3.5],
			"to": [11, 31, 6.5],
			"rotation": {"angle": 0, "axis": "y", "origin": [1, 28, 3.5]},
			"faces": {
				"north": {"uv": [8.25, 4.5, 9.75, 5.25], "texture": "#0"},
				"east": {"uv": [2.5, 6.5, 3.25, 7.25], "texture": "#0"},
				"south": {"uv": [8.25, 5.25, 9.75, 6], "texture": "#0"},
				"west": {"uv": [4, 8.25, 4.75, 9], "texture": "#0"},
				"up": {"uv": [9.75, 6.75, 8.25, 6], "texture": "#0"},
				"down": {"uv": [7, 8.5, 5.5, 9.25], "texture": "#0"}
			}
		},
		{
			"from": [11, 18, 3.5],
			"to": [13, 31, 6.5],
			"rotation": {"angle": 0, "axis": "y", "origin": [3, 26, 4.5]},
			"faces": {
				"north": {"uv": [2, 5.5, 2.5, 8.75], "texture": "#0"},
				"east": {"uv": [3.5, 4.5, 4.25, 7.75], "texture": "#0"},
				"south": {"uv": [5, 6.25, 5.5, 9.5], "texture": "#0"},
				"west": {"uv": [4.25, 4.5, 5, 7.75], "texture": "#0"},
				"up": {"uv": [2.5, 9.5, 2, 8.75], "texture": "#0"},
				"down": {"uv": [8.25, 8.75, 7.75, 9.5], "texture": "#0"}
			}
		},
		{
			"from": [5, 28, 7],
			"to": [13, 32, 7],
			"rotation": {"angle": 22.5, "axis": "y", "origin": [5, 29, 7]},
			"faces": {
				"north": {"uv": [3.5, 6.75, 5.5, 7.75], "texture": "#0"},
				"east": {"uv": [0, 0, 0, 1], "texture": "#0"},
				"south": {"uv": [3.5, 6.75, 5.5, 7.75], "texture": "#0"},
				"west": {"uv": [0, 0, 0, 1], "texture": "#0"},
				"up": {"uv": [0, 0, 2, 0], "texture": "#0"},
				"down": {"uv": [0, 0, 2, 0], "texture": "#0"}
			}
		},
		{
			"from": [5, 28, 3],
			"to": [13, 32, 3],
			"rotation": {"angle": -22.5, "axis": "y", "origin": [5, 29, 3]},
			"faces": {
				"north": {"uv": [3.5, 6.5, 5.5, 7.5], "texture": "#0"},
				"east": {"uv": [0, 0, 0, 1], "texture": "#0"},
				"south": {"uv": [3.5, 6.5, 5.5, 7.5], "texture": "#0"},
				"west": {"uv": [0, 0, 0, 1], "texture": "#0"},
				"up": {"uv": [0, 0, 2, 0], "texture": "#0"},
				"down": {"uv": [0, 0, 2, 0], "texture": "#0"}
			}
		},
		{
			"from": [4, 0, 0],
			"to": [20, 12, 2],
			"rotation": {"angle": 0, "axis": "y", "origin": [2, 0, 0]},
			"faces": {
				"north": {"uv": [0, 0, 16, 16], "texture": "#2"},
				"east": {"uv": [0, 0, 16, 16], "texture": "#2"},
				"south": {"uv": [0, 0, 16, 16], "texture": "#2"},
				"west": {"uv": [0, 0, 16, 16], "texture": "#2"},
				"up": {"uv": [0, 0, 16, 16], "texture": "#2"},
				"down": {"uv": [0, 0, 16, 16], "texture": "#2"}
			}
		},
		{
			"from": [-4, 0, 0],
			"to": [4, 12, 2],
			"rotation": {"angle": 0, "axis": "y", "origin": [-14, 0, 0]},
			"faces": {
				"north": {"uv": [0, 0, 16, 16], "texture": "#2"},
				"east": {"uv": [0, 0, 16, 16], "texture": "#2"},
				"south": {"uv": [0, 0, 16, 16], "texture": "#2"},
				"west": {"uv": [0, 0, 16, 16], "texture": "#2"},
				"up": {"uv": [0, 0, 16, 16], "texture": "#2"},
				"down": {"uv": [0, 0, 16, 16], "texture": "#2"}
			}
		},
		{
			"from": [-4, 0, 14],
			"to": [12, 12, 16],
			"rotation": {"angle": 0, "axis": "y", "origin": [2, 0, 6]},
			"faces": {
				"north": {"uv": [0, 0, 16, 16], "texture": "#2"},
				"east": {"uv": [0, 0, 16, 16], "texture": "#2"},
				"south": {"uv": [0, 0, 16, 16], "texture": "#2"},
				"west": {"uv": [0, 0, 16, 16], "texture": "#2"},
				"up": {"uv": [0, 0, 16, 16], "texture": "#2"},
				"down": {"uv": [0, 0, 16, 16], "texture": "#2"}
			}
		},
		{
			"from": [12, 0, 14],
			"to": [20, 12, 16],
			"rotation": {"angle": 0, "axis": "y", "origin": [18, 0, 6]},
			"faces": {
				"north": {"uv": [0, 0, 16, 16], "texture": "#2"},
				"east": {"uv": [0, 0, 16, 16], "texture": "#2"},
				"south": {"uv": [0, 0, 16, 16], "texture": "#2"},
				"west": {"uv": [0, 0, 16, 16], "texture": "#2"},
				"up": {"uv": [0, 0, 16, 16], "texture": "#2"},
				"down": {"uv": [0, 0, 16, 16], "texture": "#2"}
			}
		},
		{
			"from": [-6, 0, 2],
			"to": [-3, 12, 14],
			"rotation": {"angle": 0, "axis": "y", "origin": [0, 0, 2]},
			"faces": {
				"north": {"uv": [0, 0, 16, 16], "texture": "#2"},
				"east": {"uv": [0, 0, 16, 16], "texture": "#2"},
				"south": {"uv": [0, 0, 16, 16], "texture": "#2"},
				"west": {"uv": [0, 0, 16, 16], "texture": "#2"},
				"up": {"uv": [0, 0, 16, 16], "texture": "#2"},
				"down": {"uv": [0, 0, 16, 16], "texture": "#2"}
			}
		},
		{
			"from": [20, 0, 2],
			"to": [22, 12, 14],
			"rotation": {"angle": 0, "axis": "y", "origin": [14, 0, 2]},
			"faces": {
				"north": {"uv": [0, 0, 16, 16], "texture": "#2"},
				"east": {"uv": [0, 0, 16, 16], "texture": "#2"},
				"south": {"uv": [0, 0, 16, 16], "texture": "#2"},
				"west": {"uv": [0, 0, 16, 16], "texture": "#2"},
				"up": {"uv": [0, 0, 16, 16], "texture": "#2"},
				"down": {"uv": [0, 0, 16, 16], "texture": "#2"}
			}
		},
		{
			"from": [-4, 13, 2],
			"to": [12, 14, 14],
			"rotation": {"angle": 0, "axis": "y", "origin": [0, 7, 0]},
			"faces": {
				"north": {"uv": [0, 0, 16, 16], "texture": "#2"},
				"east": {"uv": [0, 0, 16, 16], "texture": "#2"},
				"south": {"uv": [0, 0, 16, 16], "texture": "#2"},
				"west": {"uv": [0, 0, 16, 16], "texture": "#2"},
				"up": {"uv": [0, 0, 16, 16], "texture": "#2"},
				"down": {"uv": [0, 0, 16, 16], "texture": "#2"}
			}
		},
		{
			"from": [12, 13, 2],
			"to": [20, 14, 14],
			"rotation": {"angle": 0, "axis": "y", "origin": [16, 7, 0]},
			"faces": {
				"north": {"uv": [0, 0, 16, 16], "texture": "#2"},
				"east": {"uv": [0, 0, 16, 16], "texture": "#2"},
				"south": {"uv": [0, 0, 16, 16], "texture": "#2"},
				"west": {"uv": [0, 0, 16, 16], "texture": "#2"},
				"up": {"uv": [0, 0, 16, 16], "texture": "#2"},
				"down": {"uv": [0, 0, 16, 16], "texture": "#2"}
			}
		},
		{
			"from": [20, 0, 14],
			"to": [22, 12, 16],
			"rotation": {"angle": 0, "axis": "y", "origin": [14, 0, 6]},
			"faces": {
				"north": {"uv": [0, 0, 16, 16], "texture": "#1"},
				"east": {"uv": [0, 0, 16, 16], "texture": "#1"},
				"south": {"uv": [0, 0, 16, 16], "texture": "#1"},
				"west": {"uv": [0, 0, 16, 16], "texture": "#1"},
				"up": {"uv": [0, 0, 16, 16], "texture": "#1"},
				"down": {"uv": [0, 0, 16, 16], "texture": "#1"}
			}
		},
		{
			"from": [20, 0, 0],
			"to": [22, 12, 2],
			"rotation": {"angle": 0, "axis": "y", "origin": [14, 0, 0]},
			"faces": {
				"north": {"uv": [0, 0, 16, 16], "texture": "#1"},
				"east": {"uv": [0, 0, 16, 16], "texture": "#1"},
				"south": {"uv": [0, 0, 16, 16], "texture": "#1"},
				"west": {"uv": [0, 0, 16, 16], "texture": "#1"},
				"up": {"uv": [0, 0, 16, 16], "texture": "#1"},
				"down": {"uv": [0, 0, 16, 16], "texture": "#1"}
			}
		},
		{
			"from": [-6, 0, 0],
			"to": [-4, 12, 2],
			"rotation": {"angle": 0, "axis": "y", "origin": [2, 0, 0]},
			"faces": {
				"north": {"uv": [0, 0, 16, 16], "texture": "#1"},
				"east": {"uv": [0, 0, 16, 16], "texture": "#1"},
				"south": {"uv": [0, 0, 16, 16], "texture": "#1"},
				"west": {"uv": [0, 0, 16, 16], "texture": "#1"},
				"up": {"uv": [0, 0, 16, 16], "texture": "#1"},
				"down": {"uv": [0, 0, 16, 16], "texture": "#1"}
			}
		},
		{
			"from": [-6, 0, 14],
			"to": [-4, 12, 16],
			"rotation": {"angle": 0, "axis": "y", "origin": [0, 0, 6]},
			"faces": {
				"north": {"uv": [0, 0, 16, 16], "texture": "#1"},
				"east": {"uv": [0, 0, 16, 16], "texture": "#1"},
				"south": {"uv": [0, 0, 16, 16], "texture": "#1"},
				"west": {"uv": [0, 0, 16, 16], "texture": "#1"},
				"up": {"uv": [0, 0, 16, 16], "texture": "#1"},
				"down": {"uv": [0, 0, 16, 16], "texture": "#1"}
			}
		},
		{
			"from": [-6, 12, 0],
			"to": [20, 14, 2],
			"rotation": {"angle": 0, "axis": "y", "origin": [0, 6, 2]},
			"faces": {
				"north": {"uv": [0, 0, 16, 16], "texture": "#1"},
				"east": {"uv": [0, 0, 16, 16], "texture": "#1"},
				"south": {"uv": [0, 0, 16, 16], "texture": "#1"},
				"west": {"uv": [0, 0, 16, 16], "texture": "#1"},
				"up": {"uv": [0, 0, 16, 16], "texture": "#1"},
				"down": {"uv": [0, 0, 16, 16], "texture": "#1"}
			}
		},
		{
			"from": [20, 12, 0],
			"to": [22, 14, 16],
			"rotation": {"angle": 0, "axis": "y", "origin": [14, 6, 2]},
			"faces": {
				"north": {"uv": [0, 0, 16, 16], "texture": "#1"},
				"east": {"uv": [0, 0, 16, 16], "texture": "#1"},
				"south": {"uv": [0, 0, 16, 16], "texture": "#1"},
				"west": {"uv": [0, 0, 16, 16], "texture": "#1"},
				"up": {"uv": [0, 0, 16, 16], "texture": "#1"},
				"down": {"uv": [0, 0, 16, 16], "texture": "#1"}
			}
		},
		{
			"from": [-6, 12, 14],
			"to": [20, 14, 16],
			"rotation": {"angle": 0, "axis": "y", "origin": [0, 7, 4]},
			"faces": {
				"north": {"uv": [0, 0, 16, 16], "texture": "#1"},
				"east": {"uv": [0, 0, 16, 16], "texture": "#1"},
				"south": {"uv": [0, 0, 16, 16], "texture": "#1"},
				"west": {"uv": [0, 0, 16, 16], "texture": "#1"},
				"up": {"uv": [0, 0, 16, 16], "texture": "#1"},
				"down": {"uv": [0, 0, 16, 16], "texture": "#1"}
			}
		},
		{
			"from": [-6, 12, 2],
			"to": [-4, 14, 14],
			"rotation": {"angle": 0, "axis": "y", "origin": [-2, 7, -2]},
			"faces": {
				"north": {"uv": [0, 0, 16, 16], "texture": "#1"},
				"east": {"uv": [0, 0, 16, 16], "texture": "#1"},
				"south": {"uv": [0, 0, 16, 16], "texture": "#1"},
				"west": {"uv": [0, 0, 16, 16], "texture": "#1"},
				"up": {"uv": [0, 0, 16, 16], "texture": "#1"},
				"down": {"uv": [0, 0, 16, 16], "texture": "#1"}
			}
		},
		{
			"from": [7, 9, -1],
			"to": [9, 13, 9],
			"rotation": {"angle": 0, "axis": "y", "origin": [7, 6, -1]},
			"faces": {
				"north": {"uv": [0, 0, 16, 16], "texture": "#3"},
				"east": {"uv": [0, 0, 16, 16], "texture": "#3"},
				"south": {"uv": [0, 0, 16, 16], "texture": "#3"},
				"west": {"uv": [0, 0, 16, 16], "texture": "#3"},
				"up": {"uv": [0, 0, 16, 16], "texture": "#3"},
				"down": {"uv": [0, 0, 16, 16], "texture": "#3"}
			}
		}
	],
	"display": {
		"head": {
			"scale": [1.6, 1.6, 1.6]
		}
	},
	"groups": [
		{
			"name": "helmet",
			"origin": [8, 8, 8],
			"color": 0,
			"children": [
				0,
				1,
				2,
				3,
				4,
				5,
				6,
				7,
				8,
				{
					"name": "scharnier_unten",
					"origin": [8, 8, 8],
					"color": 0,
					"children": [9, 10, 11]
				},
				{
					"name": "scharnier_oben",
					"origin": [8, 8, 8],
					"color": 0,
					"children": [12, 13, 14]
				},
				{
					"name": "feathers",
					"origin": [1, 12, 3.5],
					"color": 0,
					"children": [15, 16, 17, 18]
				}
			]
		},
		{
			"name": "chest",
			"origin": [8, 8, 8],
			"color": 0,
			"children": [
				{
					"name": "group",
					"origin": [2, 0, 0],
					"color": 0,
					"children": [19, 20, 21, 22, 23, 24, 25, 26]
				},
				{
					"name": "group",
					"origin": [14, 0, 6],
					"color": 0,
					"children": [27, 28, 29, 30, 31, 32, 33, 34]
				},
				35
			]
		}
	]
}