{
	"format_version": "1.21.6",
	"credit": "Made with Blockbench",
	"texture_size": [64, 64],
	"textures": {
		"0": "block/spruce_planks",
		"1": "block/netherite_block",
		"2": "block/iron_block",
		"3": "item/carved_pumpkin/crown",
		"particle": "block/spruce_planks"
	},
	"elements": [
		{
			"from": [20, 0, 14],
			"to": [22, 12, 16],
			"rotation": {"angle": 0, "axis": "y", "origin": [14, 0, 6]},
			"faces": {
				"north": {"uv": [1, 4.5, 1.5, 7.5], "texture": "#1"},
				"east": {"uv": [1.5, 4.5, 2, 7.5], "texture": "#1"},
				"south": {"uv": [2, 4.5, 2.5, 7.5], "texture": "#1"},
				"west": {"uv": [2.5, 4.5, 3, 7.5], "texture": "#1"},
				"up": {"uv": [2.5, 8, 2, 7.5], "texture": "#1"},
				"down": {"uv": [3, 7.5, 2.5, 8], "texture": "#1"}
			}
		},
		{
			"from": [20, 0, 0],
			"to": [22, 12, 2],
			"rotation": {"angle": 0, "axis": "y", "origin": [14, 0, 0]},
			"faces": {
				"north": {"uv": [3, 4.5, 3.5, 7.5], "texture": "#1"},
				"east": {"uv": [3.5, 4.5, 4, 7.5], "texture": "#1"},
				"south": {"uv": [4, 4.5, 4.5, 7.5], "texture": "#1"},
				"west": {"uv": [4.5, 4.5, 5, 7.5], "texture": "#1"},
				"up": {"uv": [3.5, 8, 3, 7.5], "texture": "#1"},
				"down": {"uv": [4, 7.5, 3.5, 8], "texture": "#1"}
			}
		},
		{
			"from": [-6, 0, 0],
			"to": [-4, 12, 2],
			"faces": {
				"north": {"uv": [5, 4.5, 5.5, 7.5], "texture": "#1"},
				"east": {"uv": [5.5, 4.5, 6, 7.5], "texture": "#1"},
				"south": {"uv": [6, 4.5, 6.5, 7.5], "texture": "#1"},
				"west": {"uv": [6.5, 0, 7, 3], "texture": "#1"},
				"up": {"uv": [4.5, 8, 4, 7.5], "texture": "#1"},
				"down": {"uv": [5, 7.5, 4.5, 8], "texture": "#1"}
			}
		},
		{
			"from": [-6, 0, 14],
			"to": [-4, 12, 16],
			"rotation": {"angle": 0, "axis": "y", "origin": [0, 0, 6]},
			"faces": {
				"north": {"uv": [6.5, 4.5, 7, 7.5], "texture": "#1"},
				"east": {"uv": [7, 0, 7.5, 3], "texture": "#1"},
				"south": {"uv": [7, 4.5, 7.5, 7.5], "texture": "#1"},
				"west": {"uv": [7.5, 0, 8, 3], "texture": "#1"},
				"up": {"uv": [8, 5, 7.5, 4.5], "texture": "#1"},
				"down": {"uv": [5.5, 7.5, 5, 8], "texture": "#1"}
			}
		},
		{
			"from": [-6, 12, 0],
			"to": [20, 14, 2],
			"rotation": {"angle": 0, "axis": "y", "origin": [0, 6, 2]},
			"faces": {
				"north": {"uv": [0, 0, 6.5, 0.5], "texture": "#1"},
				"east": {"uv": [7.5, 5, 8, 5.5], "texture": "#1"},
				"south": {"uv": [0, 0.5, 6.5, 1], "texture": "#1"},
				"west": {"uv": [5.5, 7.5, 6, 8], "texture": "#1"},
				"up": {"uv": [6.5, 1.5, 0, 1], "texture": "#1"},
				"down": {"uv": [6.5, 1.5, 0, 2], "texture": "#1"}
			}
		},
		{
			"from": [20, 12, 0],
			"to": [22, 14, 16],
			"rotation": {"angle": 0, "axis": "y", "origin": [14, 6, 2]},
			"faces": {
				"north": {"uv": [7.5, 5.5, 8, 6], "texture": "#1"},
				"east": {"uv": [0, 4, 4, 4.5], "texture": "#1"},
				"south": {"uv": [6, 7.5, 6.5, 8], "texture": "#1"},
				"west": {"uv": [4, 4, 8, 4.5], "texture": "#1"},
				"up": {"uv": [0.5, 8.5, 0, 4.5], "texture": "#1"},
				"down": {"uv": [1, 4.5, 0.5, 8.5], "texture": "#1"}
			}
		},
		{
			"from": [-6, 12, 14],
			"to": [20, 14, 16],
			"rotation": {"angle": 0, "axis": "y", "origin": [0, 7, 4]},
			"faces": {
				"north": {"uv": [0, 2, 6.5, 2.5], "texture": "#1"},
				"east": {"uv": [7.5, 6, 8, 6.5], "texture": "#1"},
				"south": {"uv": [0, 2.5, 6.5, 3], "texture": "#1"},
				"west": {"uv": [6.5, 7.5, 7, 8], "texture": "#1"},
				"up": {"uv": [6.5, 3.5, 0, 3], "texture": "#1"},
				"down": {"uv": [6.5, 3.5, 0, 4], "texture": "#1"}
			}
		},
		{
			"from": [-6, 12, 2],
			"to": [-4, 14, 14],
			"rotation": {"angle": 0, "axis": "y", "origin": [-2, 7, -2]},
			"faces": {
				"north": {"uv": [7.5, 6.5, 8, 7], "texture": "#1"},
				"east": {"uv": [6.5, 3, 9.5, 3.5], "texture": "#1"},
				"south": {"uv": [7, 7.5, 7.5, 8], "texture": "#1"},
				"west": {"uv": [6.5, 3.5, 9.5, 4], "texture": "#1"},
				"up": {"uv": [1.5, 10.5, 1, 7.5], "texture": "#1"},
				"down": {"uv": [2, 7.5, 1.5, 10.5], "texture": "#1"}
			}
		},
		{
			"from": [7, 9, -1],
			"to": [9, 13, 9],
			"rotation": {"angle": 0, "axis": "y", "origin": [7, 6, -1]},
			"faces": {
				"north": {"uv": [2, 4, 3, 6], "texture": "#2"},
				"east": {"uv": [0, 0, 5, 2], "texture": "#2"},
				"south": {"uv": [3, 4, 4, 6], "texture": "#2"},
				"west": {"uv": [0, 2, 5, 4], "texture": "#2"},
				"up": {"uv": [1, 9, 0, 4], "texture": "#2"},
				"down": {"uv": [2, 4, 1, 9], "texture": "#2"}
			}
		},
		{
			"from": [0, 14, 0],
			"to": [16, 16, 16],
			"rotation": {"angle": 0, "axis": "z", "origin": [0, 14, 0]},
			"faces": {
				"north": {"uv": [10.5, 7.75, 14.5, 8.25], "texture": "#3"},
				"east": {"uv": [10.5, 8.25, 14.5, 8.75], "texture": "#3"},
				"south": {"uv": [10.5, 8.75, 14.5, 9.25], "texture": "#3"},
				"west": {"uv": [10.5, 9.25, 14.5, 9.75], "texture": "#3"},
				"up": {"uv": [4, 4, 0, 0], "texture": "#3"},
				"down": {"uv": [4, 4, 0, 8], "texture": "#3"}
			}
		},
		{
			"from": [0, 20, 0],
			"to": [16, 21, 16],
			"rotation": {"angle": 0, "axis": "z", "origin": [0, 20, 0]},
			"faces": {
				"north": {"uv": [11, 3.75, 15, 4], "texture": "#3"},
				"east": {"uv": [11, 4, 15, 4.25], "texture": "#3"},
				"south": {"uv": [11, 4.25, 15, 4.5], "texture": "#3"},
				"west": {"uv": [11, 4.5, 15, 4.75], "texture": "#3"},
				"up": {"uv": [8, 4, 4, 0], "texture": "#3"},
				"down": {"uv": [8, 4, 4, 8], "texture": "#3"}
			}
		},
		{
			"from": [0.5, 16, 0.5],
			"to": [15.5, 20, 15.5],
			"rotation": {"angle": 0, "axis": "z", "origin": [0, 16, 0]},
			"faces": {
				"north": {"uv": [6.75, 8, 10.5, 9], "texture": "#3"},
				"east": {"uv": [8, 6.75, 11.75, 7.75], "texture": "#3"},
				"south": {"uv": [6.75, 9, 10.5, 10], "texture": "#3"},
				"west": {"uv": [6.75, 10, 10.5, 11], "texture": "#3"},
				"up": {"uv": [3.75, 11.75, 0, 8], "texture": "#3"},
				"down": {"uv": [11.75, 0, 8, 3.75], "texture": "#3"}
			}
		},
		{
			"from": [2, 20, 2],
			"to": [14, 22, 14],
			"rotation": {"angle": 0, "axis": "z", "origin": [0, 20, 0]},
			"faces": {
				"north": {"uv": [10.5, 9.75, 13.5, 10.25], "texture": "#3"},
				"east": {"uv": [10.5, 10.25, 13.5, 10.75], "texture": "#3"},
				"south": {"uv": [10.5, 10.75, 13.5, 11.25], "texture": "#3"},
				"west": {"uv": [3.75, 11, 6.75, 11.5], "texture": "#3"},
				"up": {"uv": [6.75, 11, 3.75, 8], "texture": "#3"},
				"down": {"uv": [11, 3.75, 8, 6.75], "texture": "#3"}
			}
		},
		{
			"from": [7.5, 22, 7.5],
			"to": [8.5, 25, 8.5],
			"rotation": {"angle": 0, "axis": "z", "origin": [7, 22, 7]},
			"faces": {
				"north": {"uv": [3.5, 11.75, 3.75, 12.5], "texture": "#3"},
				"east": {"uv": [3.75, 12, 4, 12.75], "texture": "#3"},
				"south": {"uv": [4, 12, 4.25, 12.75], "texture": "#3"},
				"west": {"uv": [4.25, 12, 4.5, 12.75], "texture": "#3"},
				"up": {"uv": [10.5, 8, 10.25, 7.75], "texture": "#3"},
				"down": {"uv": [10.5, 11, 10.25, 11.25], "texture": "#3"}
			}
		},
		{
			"from": [7.5, 26, 7.5],
			"to": [8.5, 27, 8.5],
			"rotation": {"angle": 0, "axis": "z", "origin": [7, 26, 7]},
			"faces": {
				"north": {"uv": [8.25, 12.5, 8.5, 12.75], "texture": "#3"},
				"east": {"uv": [10, 12.5, 10.25, 12.75], "texture": "#3"},
				"south": {"uv": [12.5, 11.5, 12.75, 11.75], "texture": "#3"},
				"west": {"uv": [12.5, 11.75, 12.75, 12], "texture": "#3"},
				"up": {"uv": [12.75, 12.25, 12.5, 12], "texture": "#3"},
				"down": {"uv": [12.75, 12.25, 12.5, 12.5], "texture": "#3"}
			}
		},
		{
			"from": [6.5, 25, 7.5],
			"to": [9.5, 26, 8.5],
			"rotation": {"angle": 0, "axis": "z", "origin": [7, 21, 7]},
			"faces": {
				"north": {"uv": [8, 7.75, 8.75, 8], "texture": "#3"},
				"east": {"uv": [12.5, 12.5, 12.75, 12.75], "texture": "#3"},
				"south": {"uv": [8.75, 7.75, 9.5, 8], "texture": "#3"},
				"west": {"uv": [12.75, 0, 13, 0.25], "texture": "#3"},
				"up": {"uv": [10.25, 8, 9.5, 7.75], "texture": "#3"},
				"down": {"uv": [12.5, 3.5, 11.75, 3.75], "texture": "#3"}
			}
		},
		{
			"from": [0, 21, 0],
			"to": [2, 23, 1],
			"rotation": {"angle": 0, "axis": "z", "origin": [0, 21, 0]},
			"faces": {
				"north": {"uv": [11, 4.75, 11.5, 5.25], "texture": "#3"},
				"east": {"uv": [4.5, 12, 4.75, 12.5], "texture": "#3"},
				"south": {"uv": [11, 5.25, 11.5, 5.75], "texture": "#3"},
				"west": {"uv": [4.75, 12, 5, 12.5], "texture": "#3"},
				"up": {"uv": [12.5, 5, 12, 4.75], "texture": "#3"},
				"down": {"uv": [5.5, 12, 5, 12.25], "texture": "#3"}
			}
		},
		{
			"from": [3, 21, 0],
			"to": [5, 23, 1],
			"rotation": {"angle": 0, "axis": "z", "origin": [3, 21, 0]},
			"faces": {
				"north": {"uv": [11, 5.75, 11.5, 6.25], "texture": "#3"},
				"east": {"uv": [12, 5, 12.25, 5.5], "texture": "#3"},
				"south": {"uv": [11, 6.25, 11.5, 6.75], "texture": "#3"},
				"west": {"uv": [5.5, 12, 5.75, 12.5], "texture": "#3"},
				"up": {"uv": [12.5, 5.75, 12, 5.5], "texture": "#3"},
				"down": {"uv": [6.25, 12, 5.75, 12.25], "texture": "#3"}
			}
		},
		{
			"from": [6, 21, 0],
			"to": [8, 23, 1],
			"rotation": {"angle": 0, "axis": "z", "origin": [6, 21, 0]},
			"faces": {
				"north": {"uv": [6.75, 11, 7.25, 11.5], "texture": "#3"},
				"east": {"uv": [12, 5.75, 12.25, 6.25], "texture": "#3"},
				"south": {"uv": [7.25, 11, 7.75, 11.5], "texture": "#3"},
				"west": {"uv": [6.25, 12, 6.5, 12.5], "texture": "#3"},
				"up": {"uv": [12.5, 6.5, 12, 6.25], "texture": "#3"},
				"down": {"uv": [7, 12, 6.5, 12.25], "texture": "#3"}
			}
		},
		{
			"from": [9, 21, 0],
			"to": [11, 23, 1],
			"rotation": {"angle": 0, "axis": "z", "origin": [9, 21, 0]},
			"faces": {
				"north": {"uv": [7.75, 11, 8.25, 11.5], "texture": "#3"},
				"east": {"uv": [7, 12, 7.25, 12.5], "texture": "#3"},
				"south": {"uv": [8.25, 11, 8.75, 11.5], "texture": "#3"},
				"west": {"uv": [7.25, 12, 7.5, 12.5], "texture": "#3"},
				"up": {"uv": [12.5, 6.75, 12, 6.5], "texture": "#3"},
				"down": {"uv": [8, 12, 7.5, 12.25], "texture": "#3"}
			}
		},
		{
			"from": [12, 21, 0],
			"to": [14, 23, 1],
			"rotation": {"angle": 0, "axis": "z", "origin": [12, 21, 0]},
			"faces": {
				"north": {"uv": [8.75, 11, 9.25, 11.5], "texture": "#3"},
				"east": {"uv": [8, 12, 8.25, 12.5], "texture": "#3"},
				"south": {"uv": [9.25, 11, 9.75, 11.5], "texture": "#3"},
				"west": {"uv": [8.25, 12, 8.5, 12.5], "texture": "#3"},
				"up": {"uv": [9, 12.25, 8.5, 12], "texture": "#3"},
				"down": {"uv": [9.5, 12, 9, 12.25], "texture": "#3"}
			}
		},
		{
			"from": [14, 21, 15],
			"to": [16, 23, 16],
			"rotation": {"angle": 0, "axis": "z", "origin": [14, 21, 15]},
			"faces": {
				"north": {"uv": [9.75, 11, 10.25, 11.5], "texture": "#3"},
				"east": {"uv": [9.5, 12, 9.75, 12.5], "texture": "#3"},
				"south": {"uv": [10.25, 11.25, 10.75, 11.75], "texture": "#3"},
				"west": {"uv": [9.75, 12, 10, 12.5], "texture": "#3"},
				"up": {"uv": [0.5, 12.5, 0, 12.25], "texture": "#3"},
				"down": {"uv": [12.75, 0, 12.25, 0.25], "texture": "#3"}
			}
		},
		{
			"from": [11, 21, 15],
			"to": [13, 23, 16],
			"rotation": {"angle": 0, "axis": "z", "origin": [11, 21, 15]},
			"faces": {
				"north": {"uv": [10.75, 11.25, 11.25, 11.75], "texture": "#3"},
				"east": {"uv": [10, 12, 10.25, 12.5], "texture": "#3"},
				"south": {"uv": [11.25, 11.25, 11.75, 11.75], "texture": "#3"},
				"west": {"uv": [12.25, 0.25, 12.5, 0.75], "texture": "#3"},
				"up": {"uv": [1, 12.5, 0.5, 12.25], "texture": "#3"},
				"down": {"uv": [12.75, 0.75, 12.25, 1], "texture": "#3"}
			}
		},
		{
			"from": [8, 21, 15],
			"to": [10, 23, 16],
			"rotation": {"angle": 0, "axis": "z", "origin": [8, 21, 15]},
			"faces": {
				"north": {"uv": [3.75, 11.5, 4.25, 12], "texture": "#3"},
				"east": {"uv": [1, 12.25, 1.25, 12.75], "texture": "#3"},
				"south": {"uv": [4.25, 11.5, 4.75, 12], "texture": "#3"},
				"west": {"uv": [12.25, 1, 12.5, 1.5], "texture": "#3"},
				"up": {"uv": [1.75, 12.5, 1.25, 12.25], "texture": "#3"},
				"down": {"uv": [12.75, 1.5, 12.25, 1.75], "texture": "#3"}
			}
		},
		{
			"from": [5, 21, 15],
			"to": [7, 23, 16],
			"rotation": {"angle": 0, "axis": "z", "origin": [5, 21, 15]},
			"faces": {
				"north": {"uv": [4.75, 11.5, 5.25, 12], "texture": "#3"},
				"east": {"uv": [1.75, 12.25, 2, 12.75], "texture": "#3"},
				"south": {"uv": [11.5, 4.75, 12, 5.25], "texture": "#3"},
				"west": {"uv": [12.25, 1.75, 12.5, 2.25], "texture": "#3"},
				"up": {"uv": [2.5, 12.5, 2, 12.25], "texture": "#3"},
				"down": {"uv": [12.75, 2.25, 12.25, 2.5], "texture": "#3"}
			}
		},
		{
			"from": [2, 21, 15],
			"to": [4, 23, 16],
			"rotation": {"angle": 0, "axis": "z", "origin": [2, 21, 15]},
			"faces": {
				"north": {"uv": [5.25, 11.5, 5.75, 12], "texture": "#3"},
				"east": {"uv": [2.5, 12.25, 2.75, 12.75], "texture": "#3"},
				"south": {"uv": [11.5, 5.25, 12, 5.75], "texture": "#3"},
				"west": {"uv": [12.25, 2.5, 12.5, 3], "texture": "#3"},
				"up": {"uv": [3.25, 12.5, 2.75, 12.25], "texture": "#3"},
				"down": {"uv": [12.75, 3, 12.25, 3.25], "texture": "#3"}
			}
		},
		{
			"from": [15, 21, 0],
			"to": [16, 23, 2],
			"rotation": {"angle": 0, "axis": "z", "origin": [16, 21, 0]},
			"faces": {
				"north": {"uv": [3.25, 12.25, 3.5, 12.75], "texture": "#3"},
				"east": {"uv": [5.75, 11.5, 6.25, 12], "texture": "#3"},
				"south": {"uv": [5, 12.25, 5.25, 12.75], "texture": "#3"},
				"west": {"uv": [11.5, 5.75, 12, 6.25], "texture": "#3"},
				"up": {"uv": [12.5, 5.5, 12.25, 5], "texture": "#3"},
				"down": {"uv": [5.5, 12.25, 5.25, 12.75], "texture": "#3"}
			}
		},
		{
			"from": [15, 21, 3],
			"to": [16, 23, 5],
			"rotation": {"angle": 0, "axis": "z", "origin": [16, 21, 3]},
			"faces": {
				"north": {"uv": [5.75, 12.25, 6, 12.75], "texture": "#3"},
				"east": {"uv": [6.25, 11.5, 6.75, 12], "texture": "#3"},
				"south": {"uv": [12.25, 5.75, 12.5, 6.25], "texture": "#3"},
				"west": {"uv": [11.5, 6.25, 12, 6.75], "texture": "#3"},
				"up": {"uv": [6.25, 12.75, 6, 12.25], "texture": "#3"},
				"down": {"uv": [6.75, 12.25, 6.5, 12.75], "texture": "#3"}
			}
		},
		{
			"from": [15, 21, 6],
			"to": [16, 23, 8],
			"rotation": {"angle": 0, "axis": "z", "origin": [16, 21, 6]},
			"faces": {
				"north": {"uv": [6.75, 12.25, 7, 12.75], "texture": "#3"},
				"east": {"uv": [6.75, 11.5, 7.25, 12], "texture": "#3"},
				"south": {"uv": [12.25, 6.75, 12.5, 7.25], "texture": "#3"},
				"west": {"uv": [7.25, 11.5, 7.75, 12], "texture": "#3"},
				"up": {"uv": [12.5, 7.75, 12.25, 7.25], "texture": "#3"},
				"down": {"uv": [7.75, 12.25, 7.5, 12.75], "texture": "#3"}
			}
		},
		{
			"from": [15, 21, 9],
			"to": [16, 23, 11],
			"rotation": {"angle": 0, "axis": "z", "origin": [16, 21, 9]},
			"faces": {
				"north": {"uv": [7.75, 12.25, 8, 12.75], "texture": "#3"},
				"east": {"uv": [7.75, 11.5, 8.25, 12], "texture": "#3"},
				"south": {"uv": [8.5, 12.25, 8.75, 12.75], "texture": "#3"},
				"west": {"uv": [8.25, 11.5, 8.75, 12], "texture": "#3"},
				"up": {"uv": [9, 12.75, 8.75, 12.25], "texture": "#3"},
				"down": {"uv": [9.25, 12.25, 9, 12.75], "texture": "#3"}
			}
		},
		{
			"from": [15, 21, 12],
			"to": [16, 23, 14],
			"rotation": {"angle": 0, "axis": "z", "origin": [16, 21, 12]},
			"faces": {
				"north": {"uv": [9.25, 12.25, 9.5, 12.75], "texture": "#3"},
				"east": {"uv": [8.75, 11.5, 9.25, 12], "texture": "#3"},
				"south": {"uv": [10.25, 12.25, 10.5, 12.75], "texture": "#3"},
				"west": {"uv": [9.25, 11.5, 9.75, 12], "texture": "#3"},
				"up": {"uv": [10.75, 12.75, 10.5, 12.25], "texture": "#3"},
				"down": {"uv": [11, 12.25, 10.75, 12.75], "texture": "#3"}
			}
		},
		{
			"from": [0, 21, 14],
			"to": [1, 23, 16],
			"rotation": {"angle": 0, "axis": "z", "origin": [1, 21, 14]},
			"faces": {
				"north": {"uv": [11, 12.25, 11.25, 12.75], "texture": "#3"},
				"east": {"uv": [9.75, 11.5, 10.25, 12], "texture": "#3"},
				"south": {"uv": [11.25, 12.25, 11.5, 12.75], "texture": "#3"},
				"west": {"uv": [0, 11.75, 0.5, 12.25], "texture": "#3"},
				"up": {"uv": [12.5, 11.75, 12.25, 11.25], "texture": "#3"},
				"down": {"uv": [11.75, 12.25, 11.5, 12.75], "texture": "#3"}
			}
		},
		{
			"from": [0, 21, 11],
			"to": [1, 23, 13],
			"rotation": {"angle": 0, "axis": "z", "origin": [1, 21, 11]},
			"faces": {
				"north": {"uv": [11.75, 12.25, 12, 12.75], "texture": "#3"},
				"east": {"uv": [11.75, 0, 12.25, 0.5], "texture": "#3"},
				"south": {"uv": [12.25, 11.75, 12.5, 12.25], "texture": "#3"},
				"west": {"uv": [0.5, 11.75, 1, 12.25], "texture": "#3"},
				"up": {"uv": [12.25, 12.75, 12, 12.25], "texture": "#3"},
				"down": {"uv": [12.5, 12.25, 12.25, 12.75], "texture": "#3"}
			}
		},
		{
			"from": [0, 21, 8],
			"to": [1, 23, 10],
			"rotation": {"angle": 0, "axis": "z", "origin": [1, 21, 8]},
			"faces": {
				"north": {"uv": [0, 12.5, 0.25, 13], "texture": "#3"},
				"east": {"uv": [11.75, 0.5, 12.25, 1], "texture": "#3"},
				"south": {"uv": [0.25, 12.5, 0.5, 13], "texture": "#3"},
				"west": {"uv": [1, 11.75, 1.5, 12.25], "texture": "#3"},
				"up": {"uv": [12.75, 0.75, 12.5, 0.25], "texture": "#3"},
				"down": {"uv": [0.75, 12.5, 0.5, 13], "texture": "#3"}
			}
		},
		{
			"from": [0, 21, 5],
			"to": [1, 23, 7],
			"rotation": {"angle": 0, "axis": "z", "origin": [1, 21, 5]},
			"faces": {
				"north": {"uv": [0.75, 12.5, 1, 13], "texture": "#3"},
				"east": {"uv": [11.75, 1, 12.25, 1.5], "texture": "#3"},
				"south": {"uv": [12.5, 1, 12.75, 1.5], "texture": "#3"},
				"west": {"uv": [1.5, 11.75, 2, 12.25], "texture": "#3"},
				"up": {"uv": [1.5, 13, 1.25, 12.5], "texture": "#3"},
				"down": {"uv": [1.75, 12.5, 1.5, 13], "texture": "#3"}
			}
		},
		{
			"from": [0, 21, 2],
			"to": [1, 23, 4],
			"rotation": {"angle": 0, "axis": "z", "origin": [1, 21, 2]},
			"faces": {
				"north": {"uv": [12.5, 1.75, 12.75, 2.25], "texture": "#3"},
				"east": {"uv": [11.75, 1.5, 12.25, 2], "texture": "#3"},
				"south": {"uv": [2, 12.5, 2.25, 13], "texture": "#3"},
				"west": {"uv": [2, 11.75, 2.5, 12.25], "texture": "#3"},
				"up": {"uv": [2.5, 13, 2.25, 12.5], "texture": "#3"},
				"down": {"uv": [12.75, 2.5, 12.5, 3], "texture": "#3"}
			}
		},
		{
			"from": [6.6, 16.5, 15],
			"to": [8.6, 18.5, 16],
			"rotation": {"angle": 45, "axis": "z", "origin": [6.6, 18.5, 14]},
			"faces": {
				"north": {"uv": [11.75, 2, 12.25, 2.5], "texture": "#3"},
				"east": {"uv": [2.75, 12.5, 3, 13], "texture": "#3"},
				"south": {"uv": [2.5, 11.75, 3, 12.25], "texture": "#3"},
				"west": {"uv": [3, 12.5, 3.25, 13], "texture": "#3"},
				"up": {"uv": [12.75, 3.5, 12.25, 3.25], "texture": "#3"},
				"down": {"uv": [13, 3.5, 12.5, 3.75], "texture": "#3"}
			}
		},
		{
			"from": [2.5, 16, 15],
			"to": [4.5, 18, 16],
			"rotation": {"angle": 45, "axis": "z", "origin": [2.5, 18, 14]},
			"faces": {
				"north": {"uv": [11.75, 2.5, 12.25, 3], "texture": "#3"},
				"east": {"uv": [3.5, 12.5, 3.75, 13], "texture": "#3"},
				"south": {"uv": [3, 11.75, 3.5, 12.25], "texture": "#3"},
				"west": {"uv": [4.5, 12.5, 4.75, 13], "texture": "#3"},
				"up": {"uv": [13, 5, 12.5, 4.75], "texture": "#3"},
				"down": {"uv": [13, 5, 12.5, 5.25], "texture": "#3"}
			}
		},
		{
			"from": [10.65, 16, 15],
			"to": [12.65, 18, 16],
			"rotation": {"angle": 45, "axis": "z", "origin": [10.65, 18, 14]},
			"faces": {
				"north": {"uv": [11.75, 3, 12.25, 3.5], "texture": "#3"},
				"east": {"uv": [4.75, 12.5, 5, 13], "texture": "#3"},
				"south": {"uv": [11.75, 6.75, 12.25, 7.25], "texture": "#3"},
				"west": {"uv": [12.5, 5.25, 12.75, 5.75], "texture": "#3"},
				"up": {"uv": [13, 6, 12.5, 5.75], "texture": "#3"},
				"down": {"uv": [13, 6, 12.5, 6.25], "texture": "#3"}
			}
		},
		{
			"from": [6.6, 16.5, 0],
			"to": [8.6, 18.5, 1],
			"rotation": {"angle": 45, "axis": "z", "origin": [6.6, 18.5, -1]},
			"faces": {
				"north": {"uv": [11.75, 7.25, 12.25, 7.75], "texture": "#3"},
				"east": {"uv": [5.5, 12.5, 5.75, 13], "texture": "#3"},
				"south": {"uv": [10.25, 11.75, 10.75, 12.25], "texture": "#3"},
				"west": {"uv": [6.25, 12.5, 6.5, 13], "texture": "#3"},
				"up": {"uv": [13, 6.5, 12.5, 6.25], "texture": "#3"},
				"down": {"uv": [13, 6.5, 12.5, 6.75], "texture": "#3"}
			}
		},
		{
			"from": [10.65, 16, 0],
			"to": [12.65, 18, 1],
			"rotation": {"angle": 45, "axis": "z", "origin": [10.65, 18, -1]},
			"faces": {
				"north": {"uv": [10.75, 11.75, 11.25, 12.25], "texture": "#3"},
				"east": {"uv": [12.5, 6.75, 12.75, 7.25], "texture": "#3"},
				"south": {"uv": [11.25, 11.75, 11.75, 12.25], "texture": "#3"},
				"west": {"uv": [7, 12.5, 7.25, 13], "texture": "#3"},
				"up": {"uv": [13, 7.5, 12.5, 7.25], "texture": "#3"},
				"down": {"uv": [13, 7.5, 12.5, 7.75], "texture": "#3"}
			}
		},
		{
			"from": [2.5, 16, 0],
			"to": [4.5, 18, 1],
			"rotation": {"angle": 45, "axis": "z", "origin": [2.5, 18, -1]},
			"faces": {
				"north": {"uv": [11.75, 11.25, 12.25, 11.75], "texture": "#3"},
				"east": {"uv": [7.25, 12.5, 7.5, 13], "texture": "#3"},
				"south": {"uv": [11.75, 11.75, 12.25, 12.25], "texture": "#3"},
				"west": {"uv": [8, 12.5, 8.25, 13], "texture": "#3"},
				"up": {"uv": [10, 12.75, 9.5, 12.5], "texture": "#3"},
				"down": {"uv": [13, 11.25, 12.5, 11.5], "texture": "#3"}
			}
		},
		{
			"from": [4, 0, 0],
			"to": [20, 12, 2],
			"rotation": {"angle": 0, "axis": "y", "origin": [2, 0, 0]},
			"faces": {
				"north": {"uv": [0, 0, 16, 16], "texture": "#0"},
				"east": {"uv": [0, 0, 16, 16], "texture": "#0"},
				"south": {"uv": [0, 0, 16, 16], "texture": "#0"},
				"west": {"uv": [0, 0, 16, 16], "texture": "#0"},
				"up": {"uv": [0, 0, 16, 16], "texture": "#0"},
				"down": {"uv": [0, 0, 16, 16], "texture": "#0"}
			}
		},
		{
			"from": [-4, 0, 0],
			"to": [4, 12, 2],
			"rotation": {"angle": 0, "axis": "y", "origin": [-14, 0, 0]},
			"faces": {
				"north": {"uv": [0, 0, 16, 16], "texture": "#0"},
				"east": {"uv": [0, 0, 16, 16], "texture": "#0"},
				"south": {"uv": [0, 0, 16, 16], "texture": "#0"},
				"west": {"uv": [0, 0, 16, 16], "texture": "#0"},
				"up": {"uv": [0, 0, 16, 16], "texture": "#0"},
				"down": {"uv": [0, 0, 16, 16], "texture": "#0"}
			}
		},
		{
			"from": [-4, 0, 14],
			"to": [12, 12, 16],
			"rotation": {"angle": 0, "axis": "y", "origin": [2, 0, 6]},
			"faces": {
				"north": {"uv": [0, 0, 16, 16], "texture": "#0"},
				"east": {"uv": [0, 0, 16, 16], "texture": "#0"},
				"south": {"uv": [0, 0, 16, 16], "texture": "#0"},
				"west": {"uv": [0, 0, 16, 16], "texture": "#0"},
				"up": {"uv": [0, 0, 16, 16], "texture": "#0"},
				"down": {"uv": [0, 0, 16, 16], "texture": "#0"}
			}
		},
		{
			"from": [12, 0, 14],
			"to": [20, 12, 16],
			"rotation": {"angle": 0, "axis": "y", "origin": [18, 0, 6]},
			"faces": {
				"north": {"uv": [0, 0, 16, 16], "texture": "#0"},
				"east": {"uv": [0, 0, 16, 16], "texture": "#0"},
				"south": {"uv": [0, 0, 16, 16], "texture": "#0"},
				"west": {"uv": [0, 0, 16, 16], "texture": "#0"},
				"up": {"uv": [0, 0, 16, 16], "texture": "#0"},
				"down": {"uv": [0, 0, 16, 16], "texture": "#0"}
			}
		},
		{
			"from": [-6, 0, 2],
			"to": [-3, 12, 14],
			"rotation": {"angle": 0, "axis": "y", "origin": [0, 0, 2]},
			"faces": {
				"north": {"uv": [0, 0, 16, 16], "texture": "#0"},
				"east": {"uv": [0, 0, 16, 16], "texture": "#0"},
				"south": {"uv": [0, 0, 16, 16], "texture": "#0"},
				"west": {"uv": [0, 0, 16, 16], "texture": "#0"},
				"up": {"uv": [0, 0, 16, 16], "texture": "#0"},
				"down": {"uv": [0, 0, 16, 16], "texture": "#0"}
			}
		},
		{
			"from": [20, 0, 2],
			"to": [22, 12, 14],
			"rotation": {"angle": 0, "axis": "y", "origin": [14, 0, 2]},
			"faces": {
				"north": {"uv": [0, 0, 16, 16], "texture": "#0"},
				"east": {"uv": [0, 0, 16, 16], "texture": "#0"},
				"south": {"uv": [0, 0, 16, 16], "texture": "#0"},
				"west": {"uv": [0, 0, 16, 16], "texture": "#0"},
				"up": {"uv": [0, 0, 16, 16], "texture": "#0"},
				"down": {"uv": [0, 0, 16, 16], "texture": "#0"}
			}
		},
		{
			"from": [-4, 13, 2],
			"to": [12, 14, 14],
			"rotation": {"angle": 0, "axis": "y", "origin": [0, 7, 0]},
			"faces": {
				"north": {"uv": [0, 0, 16, 16], "texture": "#0"},
				"east": {"uv": [0, 0, 16, 16], "texture": "#0"},
				"south": {"uv": [0, 0, 16, 16], "texture": "#0"},
				"west": {"uv": [0, 0, 16, 16], "texture": "#0"},
				"up": {"uv": [0, 0, 16, 16], "texture": "#0"},
				"down": {"uv": [0, 0, 16, 16], "texture": "#0"}
			}
		},
		{
			"from": [12, 13, 2],
			"to": [20, 14, 14],
			"rotation": {"angle": 0, "axis": "y", "origin": [16, 7, 0]},
			"faces": {
				"north": {"uv": [0, 0, 16, 16], "texture": "#0"},
				"east": {"uv": [0, 0, 16, 16], "texture": "#0"},
				"south": {"uv": [0, 0, 16, 16], "texture": "#0"},
				"west": {"uv": [0, 0, 16, 16], "texture": "#0"},
				"up": {"uv": [0, 0, 16, 16], "texture": "#0"},
				"down": {"uv": [0, 0, 16, 16], "texture": "#0"}
			}
		}
	],
	"display": {
		"head": {
			"scale": [1.3, 1.3, 1.3]
		}
	},
	"groups": [
		{
			"name": "group",
			"origin": [14, 0, 6],
			"color": 0,
			"children": [0, 1, 2, 3, 4, 5, 6, 7]
		},
		8,
		{
			"name": "group",
			"origin": [8, 8, 8],
			"color": 0,
			"children": [9, 10, 11, 12, 13, 14, 15, 16, 17, 18, 19, 20, 21, 22, 23, 24, 25, 26, 27, 28, 29, 30, 31, 32, 33, 34, 35, 36, 37, 38, 39, 40, 41]
		},
		{
			"name": "group",
			"origin": [2, 0, 0],
			"color": 0,
			"children": [42, 43, 44, 45, 46, 47, 48, 49]
		}
	]
}