{
	"format_version": "1.21.6",
	"credit": "Made with Blockbench",
	"texture_size": [32, 32],
	"textures": {
		"0": "item/muskett",
		"particle": "item/muskett"
	},
	"elements": [
		{
			"from": [7.2499, 4.7499, 0.7499],
			"to": [8.7501, 6.2501, 24.2501],
			"rotation": {"angle": 0, "axis": "y", "origin": [7.5, 5, 1]},
			"faces": {
				"north": {"uv": [3, 8.5, 3.5, 9], "texture": "#0"},
				"east": {"uv": [1, 1, 12.5, 1.5], "texture": "#0"},
				"south": {"uv": [8.5, 3, 9, 3.5], "texture": "#0"},
				"west": {"uv": [1, 1.5, 12.5, 2], "texture": "#0"},
				"up": {"uv": [1.5, 13.5, 1, 2], "texture": "#0"},
				"down": {"uv": [2, 2, 1.5, 13.5], "texture": "#0"}
			}
		},
		{
			"from": [7.41, 5.41, -4.09],
			"to": [8.59, 6.59, 24.09],
			"rotation": {"angle": 0, "axis": "y", "origin": [7.5, 5.5, -4]},
			"faces": {
				"north": {"uv": [3.5, 8.5, 4, 9], "texture": "#0"},
				"east": {"uv": [0, 0, 14, 0.5], "texture": "#0"},
				"south": {"uv": [8.5, 3.5, 9, 4], "texture": "#0"},
				"west": {"uv": [0, 0.5, 14, 1], "texture": "#0"},
				"up": {"uv": [0.5, 15, 0, 1], "texture": "#0"},
				"down": {"uv": [1, 1, 0.5, 15], "texture": "#0"}
			}
		},
		{
			"name": "Stachel",
			"from": [7.9, 6.6, -16],
			"to": [8.1, 7.05, -1],
			"rotation": {"angle": 0, "axis": "y", "origin": [7.8, 6.6, -16]},
			"faces": {
				"north": {"uv": [4, 8.5, 4.5, 9], "texture": "#0"},
				"east": {"uv": [2, 2, 8, 2.5], "texture": "#0"},
				"south": {"uv": [8.5, 4, 9, 4.5], "texture": "#0"},
				"west": {"uv": [2, 2.5, 8, 3], "texture": "#0"},
				"up": {"uv": [2.5, 9, 2, 3], "texture": "#0"},
				"down": {"uv": [3, 3, 2.5, 9], "texture": "#0"}
			}
		},
		{
			"name": "Stachel",
			"from": [7.9, 6.6, -1],
			"to": [8.1, 7.15, 5],
			"rotation": {"angle": 0, "axis": "y", "origin": [8.2, 6.6, 10]},
			"faces": {
				"north": {"uv": [8.5, 4, 9, 4.5], "texture": "#0"},
				"east": {"uv": [2, 2.5, 8, 3], "texture": "#0"},
				"south": {"uv": [4, 8.5, 4.5, 9], "texture": "#0"},
				"west": {"uv": [2, 2, 8, 2.5], "texture": "#0"},
				"up": {"uv": [2.5, 9, 2, 3], "rotation": 180, "texture": "#0"},
				"down": {"uv": [3, 3, 2.5, 9], "rotation": 180, "texture": "#0"}
			}
		},
		{
			"from": [7.05, 4.65, 8],
			"to": [8.95, 6.7, 9],
			"rotation": {"angle": 0, "axis": "y", "origin": [7.05, 4.65, 8]},
			"faces": {
				"north": {"uv": [4, 5, 5, 6], "texture": "#0"},
				"east": {"uv": [7, 4, 7.5, 5], "texture": "#0"},
				"south": {"uv": [5, 5, 6, 6], "texture": "#0"},
				"west": {"uv": [5, 7, 5.5, 8], "texture": "#0"},
				"up": {"uv": [8, 6.5, 7, 6], "texture": "#0"},
				"down": {"uv": [8, 6.5, 7, 7], "texture": "#0"}
			}
		},
		{
			"from": [7.05, 4.65, 17],
			"to": [8.95, 6.7, 18],
			"rotation": {"angle": 0, "axis": "y", "origin": [7.05, 4.65, 17]},
			"faces": {
				"north": {"uv": [5.5, 3, 6.5, 4], "texture": "#0"},
				"east": {"uv": [7, 7, 7.5, 8], "texture": "#0"},
				"south": {"uv": [5.5, 4, 6.5, 5], "texture": "#0"},
				"west": {"uv": [3, 7.5, 3.5, 8.5], "texture": "#0"},
				"up": {"uv": [8.5, 4.5, 7.5, 4], "texture": "#0"},
				"down": {"uv": [8.5, 4.5, 7.5, 5], "texture": "#0"}
			}
		},
		{
			"from": [7.2499, 3.1499, 26.6499],
			"to": [8.7501, 4.6501, 31.4501],
			"rotation": {"angle": 22.5, "axis": "x", "origin": [7.5, 3.4, 26.9]},
			"faces": {
				"north": {"uv": [8.5, 5, 9, 5.5], "texture": "#0"},
				"east": {"uv": [4, 6, 6, 6.5], "texture": "#0"},
				"south": {"uv": [8.5, 5.5, 9, 6], "texture": "#0"},
				"west": {"uv": [6, 5, 8, 5.5], "texture": "#0"},
				"up": {"uv": [6.5, 7.5, 6, 5.5], "texture": "#0"},
				"down": {"uv": [7, 3, 6.5, 5], "texture": "#0"}
			}
		},
		{
			"from": [7.25, 4.75, 23.75],
			"to": [8.75, 6.25, 27.25],
			"rotation": {"angle": 22.5, "axis": "x", "origin": [7.5, 5, 24]},
			"faces": {
				"north": {"uv": [4.5, 8.5, 5, 9], "texture": "#0"},
				"east": {"uv": [4, 6.5, 5.5, 7], "texture": "#0"},
				"south": {"uv": [8.5, 4.5, 9, 5], "texture": "#0"},
				"west": {"uv": [6.5, 5.5, 8, 6], "texture": "#0"},
				"up": {"uv": [6, 8, 5.5, 6.5], "texture": "#0"},
				"down": {"uv": [7, 6, 6.5, 7.5], "texture": "#0"}
			}
		},
		{
			"from": [7.251, 3.251, 26.502],
			"to": [8.749, 5.249, 32],
			"rotation": {"angle": 0, "axis": "y", "origin": [7.5, 3.5, 27]},
			"faces": {
				"north": {"uv": [3.5, 7.5, 4, 8.5], "texture": "#0"},
				"east": {"uv": [3, 3, 5.5, 4], "texture": "#0"},
				"south": {"uv": [6, 7.5, 6.5, 8.5], "texture": "#0"},
				"west": {"uv": [3, 4, 5.5, 5], "texture": "#0"},
				"up": {"uv": [3.5, 7.5, 3, 5], "texture": "#0"},
				"down": {"uv": [4, 5, 3.5, 7.5], "texture": "#0"}
			}
		},
		{
			"from": [7.4, 5.9, 21.9],
			"to": [8.6, 8.1, 23.1],
			"rotation": {"angle": -22.5, "axis": "x", "origin": [7.5, 6, 22]},
			"faces": {
				"north": {"uv": [8, 5, 8.5, 6], "texture": "#0"},
				"east": {"uv": [5.5, 8, 6, 9], "texture": "#0"},
				"south": {"uv": [8, 6, 8.5, 7], "texture": "#0"},
				"west": {"uv": [7, 8, 7.5, 9], "texture": "#0"},
				"up": {"uv": [2.5, 9.5, 2, 9], "texture": "#0"},
				"down": {"uv": [9.5, 2, 9, 2.5], "texture": "#0"}
			}
		},
		{
			"from": [7.1497, 4.8497, 20.7497],
			"to": [8.8503, 6.0503, 24.2503],
			"rotation": {"angle": 0, "axis": "y", "origin": [7.5, 5.1, 21]},
			"faces": {
				"north": {"uv": [2.5, 9, 3, 9.5], "texture": "#0"},
				"east": {"uv": [7, 3, 8.5, 3.5], "texture": "#0"},
				"south": {"uv": [9, 2.5, 9.5, 3], "texture": "#0"},
				"west": {"uv": [7, 3.5, 8.5, 4], "texture": "#0"},
				"up": {"uv": [4.5, 8.5, 4, 7], "texture": "#0"},
				"down": {"uv": [5, 7, 4.5, 8.5], "texture": "#0"}
			}
		},
		{
			"from": [7.5, 3.1, 22],
			"to": [8.5, 5.1, 23],
			"rotation": {"angle": 0, "axis": "y", "origin": [7.5, 3.1, 22]},
			"faces": {
				"north": {"uv": [8, 7, 8.5, 8], "texture": "#0"},
				"east": {"uv": [7.5, 8, 8, 9], "texture": "#0"},
				"south": {"uv": [8, 8, 8.5, 9], "texture": "#0"},
				"west": {"uv": [8.5, 2, 9, 3], "texture": "#0"},
				"up": {"uv": [3.5, 9.5, 3, 9], "texture": "#0"},
				"down": {"uv": [9.5, 3, 9, 3.5], "texture": "#0"}
			}
		},
		{
			"from": [7.27, 2.67, 29.77],
			"to": [8.73, 3.63, 31.23],
			"rotation": {"angle": 0, "axis": "y", "origin": [7.5, 2.9, 30]},
			"faces": {
				"north": {"uv": [6.5, 8.5, 7, 9], "texture": "#0"},
				"east": {"uv": [8.5, 6.5, 9, 7], "texture": "#0"},
				"south": {"uv": [8.5, 7, 9, 7.5], "texture": "#0"},
				"west": {"uv": [8.5, 7.5, 9, 8], "texture": "#0"},
				"up": {"uv": [9, 8.5, 8.5, 8], "texture": "#0"},
				"down": {"uv": [9, 8.5, 8.5, 9], "texture": "#0"}
			}
		},
		{
			"from": [7.252, 1.252, 30.503],
			"to": [8.748, 3.248, 31.999],
			"rotation": {"angle": 0, "axis": "y", "origin": [7.5, 1.4, 30.751]},
			"faces": {
				"north": {"uv": [6.5, 7.5, 7, 8.5], "texture": "#0"},
				"east": {"uv": [7.5, 7, 8, 8], "texture": "#0"},
				"south": {"uv": [8, 2, 8.5, 3], "texture": "#0"},
				"west": {"uv": [5, 8, 5.5, 9], "texture": "#0"},
				"up": {"uv": [6.5, 9, 6, 8.5], "texture": "#0"},
				"down": {"uv": [9, 6, 8.5, 6.5], "texture": "#0"}
			}
		}
	],
	"display": {
		"thirdperson_righthand": {
			"translation": [0, 2, -5],
			"scale": [0.5, 0.5, 0.5]
		},
		"thirdperson_lefthand": {
			"translation": [0, 2, -5],
			"scale": [0.5, 0.5, 0.5]
		},
		"firstperson_righthand": {
			"translation": [-9, 5.5, -15]
		},
		"firstperson_lefthand": {
			"translation": [-9, 5.5, -15]
		},
		"ground": {
			"translation": [0, 3, 0],
			"scale": [0.5, 0.5, 0.5]
		},
		"gui": {
			"rotation": [30, -135, 0],
			"scale": [0.625, 0.625, 0.625]
		},
		"fixed": {
			"rotation": [0, 90, 0],
			"translation": [0, 0, 0.5]
		}
	},
	"groups": [
		{
			"name": "Rohr",
			"origin": [7.5, 5, 1],
			"color": 0,
			"children": [0, 1]
		},
		2,
		3,
		{
			"name": "Ringe",
			"origin": [7.05, 4.65, 12],
			"color": 0,
			"children": [4, 5]
		},
		6,
		7,
		8,
		9,
		10,
		11,
		12,
		13
	]
}