{
	"format_version": "1.21.6",
	"credit": "Made with Blockbench",
	"texture_size": [128, 128],
	"textures": {
		"0": "item/oil_barrel",
		"particle": "item/oil_barrel"
	},
	"elements": [
		{
			"from": [-12, 1, 0],
			"to": [2, 16, 14],
			"faces": {
				"north": {"uv": [3.75, 3.75, 5.5, 5.75], "texture": "#0"},
				"east": {"uv": [5.5, 3.75, 7.25, 5.75], "texture": "#0"},
				"south": {"uv": [0, 5.625, 1.75, 7.625], "texture": "#0"},
				"west": {"uv": [5.625, 0, 7.375, 2], "texture": "#0"},
				"up": {"uv": [3.5, 7.375, 1.75, 5.625], "texture": "#0"},
				"down": {"uv": [7.375, 2, 5.625, 3.75], "texture": "#0"}
			}
		},
		{
			"from": [-12, 16, 0],
			"to": [2, 18, 14],
			"rotation": {"angle": 0, "axis": "y", "origin": [0, 16, 0]},
			"faces": {
				"north": {"uv": [7.375, 0.25, 9.125, 0.5], "texture": "#0"},
				"east": {"uv": [7.375, 0.5, 9.125, 0.75], "texture": "#0"},
				"south": {"uv": [7.375, 0.75, 9.125, 1], "texture": "#0"},
				"west": {"uv": [7.375, 1, 9.125, 1.25], "texture": "#0"},
				"up": {"uv": [5.25, 7.5, 3.5, 5.75], "texture": "#0"},
				"down": {"uv": [7, 5.75, 5.25, 7.5], "texture": "#0"}
			}
		},
		{
			"from": [-12.25, -1, -0.25],
			"to": [2.25, 1, 14.25],
			"rotation": {"angle": 0, "axis": "y", "origin": [-0.5, -1, 0.5]},
			"faces": {
				"north": {"uv": [7, 5.75, 8.875, 6], "texture": "#0"},
				"east": {"uv": [7, 6, 8.875, 6.25], "texture": "#0"},
				"south": {"uv": [7, 6.25, 8.875, 6.5], "texture": "#0"},
				"west": {"uv": [7, 6.5, 8.875, 6.75], "texture": "#0"},
				"up": {"uv": [1.875, 1.875, 0, 0], "texture": "#0"},
				"down": {"uv": [1.875, 1.875, 0, 3.75], "texture": "#0"}
			}
		},
		{
			"from": [-12.25, 18, -0.25],
			"to": [2.25, 20, 14.25],
			"rotation": {"angle": 0, "axis": "y", "origin": [-0.5, 18, 0.5]},
			"faces": {
				"north": {"uv": [7, 6.75, 8.875, 7], "texture": "#0"},
				"east": {"uv": [7, 7, 8.875, 7.25], "texture": "#0"},
				"south": {"uv": [7.25, 3.75, 9.125, 4], "texture": "#0"},
				"west": {"uv": [7.25, 4, 9.125, 4.25], "texture": "#0"},
				"up": {"uv": [3.75, 1.875, 1.875, 0], "texture": "#0"},
				"down": {"uv": [3.75, 1.875, 1.875, 3.75], "texture": "#0"}
			}
		},
		{
			"from": [-12.25, 11.75, -0.25],
			"to": [2.25, 13.75, 14.25],
			"rotation": {"angle": 0, "axis": "y", "origin": [-0.5, 11.75, 0.5]},
			"faces": {
				"north": {"uv": [7.25, 4.25, 9.125, 4.5], "texture": "#0"},
				"east": {"uv": [7.25, 4.5, 9.125, 4.75], "texture": "#0"},
				"south": {"uv": [7.25, 4.75, 9.125, 5], "texture": "#0"},
				"west": {"uv": [7.25, 5, 9.125, 5.25], "texture": "#0"},
				"up": {"uv": [1.875, 5.625, 0, 3.75], "texture": "#0"},
				"down": {"uv": [5.625, 0, 3.75, 1.875], "texture": "#0"}
			}
		},
		{
			"from": [-12.25, 5.5, -0.25],
			"to": [2.25, 7.5, 14.25],
			"rotation": {"angle": 0, "axis": "y", "origin": [-0.5, 5.5, 0.5]},
			"faces": {
				"north": {"uv": [7.25, 5.25, 9.125, 5.5], "texture": "#0"},
				"east": {"uv": [7.25, 5.5, 9.125, 5.75], "texture": "#0"},
				"south": {"uv": [7, 7.25, 8.875, 7.5], "texture": "#0"},
				"west": {"uv": [7.375, 0, 9.25, 0.25], "texture": "#0"},
				"up": {"uv": [3.75, 5.625, 1.875, 3.75], "texture": "#0"},
				"down": {"uv": [5.625, 1.875, 3.75, 3.75], "texture": "#0"}
			}
		}
	],
	"display": {
		"thirdperson_righthand": {
			"translation": [6.5, 0, 0],
			"scale": [0.5, 0.5, 0.5]
		},
		"thirdperson_lefthand": {
			"translation": [-6.25, 0, 0],
			"scale": [0.5, 0.5, 0.5]
		},
		"firstperson_righthand": {
			"translation": [7.5, 0, -1.75],
			"scale": [0.5, 0.5, 0.5]
		},
		"firstperson_lefthand": {
			"translation": [0, 0, -5.75],
			"scale": [0.5, 0.5, 0.5]
		},
		"ground": {
			"translation": [8.5, 2.75, 0],
			"scale": [0.5, 0.5, 0.5]
		},
		"gui": {
			"rotation": [40, 45, 0],
			"translation": [5, 2.75, 0],
			"scale": [0.5, 0.5, 0.5]
		},
		"fixed": {
			"translation": [11.5, 0, 0]
		}
	}
}