{
	"format_version": "1.9.0",
	"credit": "Made with Blockbench",
	"texture_size": [64, 64],
	"textures": {
		"0": "item/round_shield",
		"particle": "item/round_shield"
	},
	"elements": [
		{
			"from": [0, 0, 0],
			"to": [6, 1, 2],
			"faces": {
				"north": {"uv": [6.5, 6.25, 8, 6.5], "texture": "#0"},
				"east": {"uv": [0.75, 7, 1.25, 7.25], "texture": "#0"},
				"south": {"uv": [5, 6.75, 6.5, 7], "texture": "#0"},
				"west": {"uv": [1.25, 7, 1.75, 7.25], "texture": "#0"},
				"up": {"uv": [5, 1.5, 3.5, 1], "texture": "#0"},
				"down": {"uv": [5, 1.5, 3.5, 2], "texture": "#0"}
			}
		},
		{
			"from": [0, 5, 0],
			"to": [6, 6, 2],
			"rotation": {"angle": 0, "axis": "y", "origin": [0, 5, 0]},
			"faces": {
				"north": {"uv": [6.5, 6.75, 8, 7], "texture": "#0"},
				"east": {"uv": [1.75, 7, 2.25, 7.25], "texture": "#0"},
				"south": {"uv": [6.75, 6.5, 8.25, 6.75], "texture": "#0"},
				"west": {"uv": [2.25, 7, 2.75, 7.25], "texture": "#0"},
				"up": {"uv": [5, 2.5, 3.5, 2], "texture": "#0"},
				"down": {"uv": [5, 2.5, 3.5, 3], "texture": "#0"}
			}
		},
		{
			"from": [5, 1, 0],
			"to": [6, 5, 2],
			"rotation": {"angle": 0, "axis": "y", "origin": [0, 5, 0]},
			"faces": {
				"north": {"uv": [0, 7, 0.25, 8], "texture": "#0"},
				"east": {"uv": [5, 2, 5.5, 3], "texture": "#0"},
				"south": {"uv": [7, 0, 7.25, 1], "texture": "#0"},
				"west": {"uv": [4.5, 5, 5, 6], "texture": "#0"},
				"up": {"uv": [3, 7.5, 2.75, 7], "texture": "#0"},
				"down": {"uv": [3.25, 7, 3, 7.5], "texture": "#0"}
			}
		},
		{
			"from": [0, 1, 0],
			"to": [1, 5, 2],
			"rotation": {"angle": 0, "axis": "y", "origin": [-5, 5, 0]},
			"faces": {
				"north": {"uv": [0.25, 7, 0.5, 8], "texture": "#0"},
				"east": {"uv": [5, 5, 5.5, 6], "texture": "#0"},
				"south": {"uv": [0.5, 7, 0.75, 8], "texture": "#0"},
				"west": {"uv": [5.5, 2, 6, 3], "texture": "#0"},
				"up": {"uv": [7.25, 3.5, 7, 3], "texture": "#0"},
				"down": {"uv": [3.5, 7, 3.25, 7.5], "texture": "#0"}
			}
		},
		{
			"from": [-4, 6, -6],
			"to": [10, 7, 8],
			"rotation": {"angle": 0, "axis": "y", "origin": [0, 6, 0]},
			"faces": {
				"north": {"uv": [3.5, 0, 7, 0.25], "texture": "#0"},
				"east": {"uv": [3.5, 0.25, 7, 0.5], "texture": "#0"},
				"south": {"uv": [3.5, 0.5, 7, 0.75], "texture": "#0"},
				"west": {"uv": [3.5, 0.75, 7, 1], "texture": "#0"},
				"up": {"uv": [3.5, 3.5, 0, 0], "texture": "#0"},
				"down": {"uv": [3.5, 3.5, 0, 7], "texture": "#0"}
			}
		},
		{
			"from": [-3, 6, 8],
			"to": [9, 7, 9],
			"rotation": {"angle": 0, "axis": "y", "origin": [0, 6, 15]},
			"faces": {
				"north": {"uv": [3.5, 3, 6.5, 3.25], "texture": "#0"},
				"east": {"uv": [7, 3.5, 7.25, 3.75], "texture": "#0"},
				"south": {"uv": [3.5, 3.25, 6.5, 3.5], "texture": "#0"},
				"west": {"uv": [7, 3.75, 7.25, 4], "texture": "#0"},
				"up": {"uv": [6.5, 3.75, 3.5, 3.5], "texture": "#0"},
				"down": {"uv": [6.5, 3.75, 3.5, 4], "texture": "#0"}
			}
		},
		{
			"from": [-3, 6, -7],
			"to": [9, 7, -6],
			"rotation": {"angle": 0, "axis": "y", "origin": [0, 6, 0]},
			"faces": {
				"north": {"uv": [3.5, 4, 6.5, 4.25], "texture": "#0"},
				"east": {"uv": [5, 7, 5.25, 7.25], "texture": "#0"},
				"south": {"uv": [3.5, 4.25, 6.5, 4.5], "texture": "#0"},
				"west": {"uv": [5.25, 7, 5.5, 7.25], "texture": "#0"},
				"up": {"uv": [6.5, 4.75, 3.5, 4.5], "texture": "#0"},
				"down": {"uv": [6.5, 4.75, 3.5, 5], "texture": "#0"}
			}
		},
		{
			"from": [-1, 6, 9],
			"to": [7, 7, 10],
			"rotation": {"angle": 0, "axis": "y", "origin": [0, 6, 16]},
			"faces": {
				"north": {"uv": [5.5, 5, 7.5, 5.25], "texture": "#0"},
				"east": {"uv": [7, 4, 7.25, 4.25], "texture": "#0"},
				"south": {"uv": [5.5, 5.25, 7.5, 5.5], "texture": "#0"},
				"west": {"uv": [7, 4.25, 7.25, 4.5], "texture": "#0"},
				"up": {"uv": [7.5, 5.75, 5.5, 5.5], "texture": "#0"},
				"down": {"uv": [7.5, 5.75, 5.5, 6], "texture": "#0"}
			}
		},
		{
			"from": [-1, 6, -8],
			"to": [7, 7, -7],
			"rotation": {"angle": 0, "axis": "y", "origin": [0, 6, -1]},
			"faces": {
				"north": {"uv": [6, 2, 8, 2.25], "texture": "#0"},
				"east": {"uv": [7, 4.5, 7.25, 4.75], "texture": "#0"},
				"south": {"uv": [6, 2.25, 8, 2.5], "texture": "#0"},
				"west": {"uv": [7, 4.75, 7.25, 5], "texture": "#0"},
				"up": {"uv": [8, 2.75, 6, 2.5], "texture": "#0"},
				"down": {"uv": [8, 2.75, 6, 3], "texture": "#0"}
			}
		},
		{
			"from": [10, 6, -5],
			"to": [11, 7, 7],
			"rotation": {"angle": 0, "axis": "y", "origin": [-1, 6, -1]},
			"faces": {
				"north": {"uv": [7, 7, 7.25, 7.25], "texture": "#0"},
				"east": {"uv": [5, 1.5, 8, 1.75], "texture": "#0"},
				"south": {"uv": [7.25, 0, 7.5, 0.25], "texture": "#0"},
				"west": {"uv": [5, 1.75, 8, 2], "texture": "#0"},
				"up": {"uv": [4.25, 8, 4, 5], "texture": "#0"},
				"down": {"uv": [4.5, 5, 4.25, 8], "texture": "#0"}
			}
		},
		{
			"from": [11, 6, -3],
			"to": [12, 7, 5],
			"rotation": {"angle": 0, "axis": "y", "origin": [-1, 6, -2]},
			"faces": {
				"north": {"uv": [6.5, 7, 6.75, 7.25], "texture": "#0"},
				"east": {"uv": [4.75, 6.5, 6.75, 6.75], "texture": "#0"},
				"south": {"uv": [6.75, 7, 7, 7.25], "texture": "#0"},
				"west": {"uv": [6.5, 6, 8.5, 6.25], "texture": "#0"},
				"up": {"uv": [7, 5, 6.75, 3], "texture": "#0"},
				"down": {"uv": [5, 6.75, 4.75, 8.75], "texture": "#0"}
			}
		},
		{
			"from": [-5, 6, -5],
			"to": [-4, 7, 7],
			"rotation": {"angle": 0, "axis": "y", "origin": [1, 6, 16]},
			"faces": {
				"north": {"uv": [6, 7, 6.25, 7.25], "texture": "#0"},
				"east": {"uv": [5, 1, 8, 1.25], "texture": "#0"},
				"south": {"uv": [6.25, 7, 6.5, 7.25], "texture": "#0"},
				"west": {"uv": [5, 1.25, 8, 1.5], "texture": "#0"},
				"up": {"uv": [3.75, 8, 3.5, 5], "texture": "#0"},
				"down": {"uv": [4, 5, 3.75, 8], "texture": "#0"}
			}
		},
		{
			"from": [-6, 6, -3],
			"to": [-5, 7, 5],
			"rotation": {"angle": 0, "axis": "y", "origin": [1, 6, 17]},
			"faces": {
				"north": {"uv": [5.5, 7, 5.75, 7.25], "texture": "#0"},
				"east": {"uv": [4.5, 6, 6.5, 6.25], "texture": "#0"},
				"south": {"uv": [5.75, 7, 6, 7.25], "texture": "#0"},
				"west": {"uv": [4.5, 6.25, 6.5, 6.5], "texture": "#0"},
				"up": {"uv": [6.75, 5, 6.5, 3], "texture": "#0"},
				"down": {"uv": [4.75, 6.5, 4.5, 8.5], "texture": "#0"}
			}
		}
	],
	"display": {
		"thirdperson_righthand": {
			"rotation": [-0.55, 5.03, -50.72],
			"translation": [8, -1.5, 7.25]
		},
		"thirdperson_lefthand": {
			"rotation": [-2.18, 11.99, -60.66],
			"translation": [5, 8.25, 7.25]
		},
		"firstperson_righthand": {
			"rotation": [-90, -90, 0],
			"translation": [-7, 6, 2.25],
			"scale": [0.5, 0.5, 0.5]
		},
		"firstperson_lefthand": {
			"rotation": [-90, 90, 0],
			"translation": [-0.5, 5.5, 3.25],
			"scale": [0.5, 0.5, 0.5]
		},
		"ground": {
			"rotation": [90, 90, 0],
			"translation": [4, 12.5, 3.75]
		},
		"gui": {
			"rotation": [135, 0, 45],
			"translation": [3, -8.25, 0]
		},
		"fixed": {
			"rotation": [-90, 0, 0],
			"translation": [5, 6.75, -2.25]
		}
	}
}