{
	"format_version": "1.21.6",
	"credit": "Made with Blockbench",
	"textures": {
		"3": "stock_key",
		"particle": "block/texture"
	},
	"elements": [
		{
			"from": [6, 0, 7],
			"to": [10, 1, 9],
			"rotation": {"angle": 0, "axis": "y", "origin": [6, 0, 8]},
			"faces": {
				"north": {"uv": [7, 7, 9, 7.5], "texture": "#3"},
				"east": {"uv": [9.5, 6.5, 10.5, 7], "texture": "#3"},
				"south": {"uv": [7.5, 5, 9.5, 5.5], "texture": "#3"},
				"west": {"uv": [7, 9.5, 8, 10], "texture": "#3"},
				"up": {"uv": [8, 1, 6, 0], "texture": "#3"},
				"down": {"uv": [8, 1, 6, 2], "texture": "#3"}
			}
		},
		{
			"from": [4, 1, 7],
			"to": [6, 7, 9],
			"rotation": {"angle": 0, "axis": "y", "origin": [5, 0, 8]},
			"faces": {
				"north": {"uv": [4, 0, 5, 3], "texture": "#3"},
				"east": {"uv": [4, 3, 5, 6], "texture": "#3"},
				"south": {"uv": [5, 0, 6, 3], "texture": "#3"},
				"west": {"uv": [5, 3, 6, 6], "texture": "#3"},
				"up": {"uv": [8.5, 6.5, 7.5, 5.5], "texture": "#3"},
				"down": {"uv": [8, 7.5, 7, 8.5], "texture": "#3"}
			}
		},
		{
			"from": [10, 1, 7],
			"to": [12, 7, 9],
			"rotation": {"angle": 0, "axis": "y", "origin": [10, 0, 8]},
			"faces": {
				"north": {"uv": [0, 5.5, 1, 8.5], "texture": "#3"},
				"east": {"uv": [1, 5.5, 2, 8.5], "texture": "#3"},
				"south": {"uv": [2, 5.5, 3, 8.5], "texture": "#3"},
				"west": {"uv": [3, 5.5, 4, 8.5], "texture": "#3"},
				"up": {"uv": [9, 1, 8, 0], "texture": "#3"},
				"down": {"uv": [9, 1, 8, 2], "texture": "#3"}
			}
		},
		{
			"from": [10, 7, 7],
			"to": [11, 8, 9],
			"rotation": {"angle": 0, "axis": "y", "origin": [10, 1, 8]},
			"faces": {
				"north": {"uv": [8.5, 10, 9, 10.5], "texture": "#3"},
				"east": {"uv": [8, 9.5, 9, 10], "texture": "#3"},
				"south": {"uv": [10, 8.5, 10.5, 9], "texture": "#3"},
				"west": {"uv": [9, 9.5, 10, 10], "texture": "#3"},
				"up": {"uv": [0.5, 11, 0, 10], "texture": "#3"},
				"down": {"uv": [10.5, 0, 10, 1], "texture": "#3"}
			}
		},
		{
			"from": [10, 0, 7],
			"to": [11, 1, 9],
			"rotation": {"angle": 0, "axis": "y", "origin": [10, -6, 8]},
			"faces": {
				"north": {"uv": [9, 10, 9.5, 10.5], "texture": "#3"},
				"east": {"uv": [0.5, 10, 1.5, 10.5], "texture": "#3"},
				"south": {"uv": [10, 9, 10.5, 9.5], "texture": "#3"},
				"west": {"uv": [10, 1, 11, 1.5], "texture": "#3"},
				"up": {"uv": [2, 11, 1.5, 10], "texture": "#3"},
				"down": {"uv": [10.5, 1.5, 10, 2.5], "texture": "#3"}
			}
		},
		{
			"from": [5, 0, 7],
			"to": [6, 1, 9],
			"rotation": {"angle": 0, "axis": "y", "origin": [5, -6, 8]},
			"faces": {
				"north": {"uv": [9.5, 10, 10, 10.5], "texture": "#3"},
				"east": {"uv": [2, 10, 3, 10.5], "texture": "#3"},
				"south": {"uv": [10, 9.5, 10.5, 10], "texture": "#3"},
				"west": {"uv": [10, 2.5, 11, 3], "texture": "#3"},
				"up": {"uv": [3.5, 11, 3, 10], "texture": "#3"},
				"down": {"uv": [10.5, 3, 10, 4], "texture": "#3"}
			}
		},
		{
			"from": [5, 7, 7],
			"to": [6, 8, 9],
			"rotation": {"angle": 0, "axis": "y", "origin": [5, 1, 8]},
			"faces": {
				"north": {"uv": [10, 10, 10.5, 10.5], "texture": "#3"},
				"east": {"uv": [10, 4, 11, 4.5], "texture": "#3"},
				"south": {"uv": [10.5, 0, 11, 0.5], "texture": "#3"},
				"west": {"uv": [10, 4.5, 11, 5], "texture": "#3"},
				"up": {"uv": [4, 11, 3.5, 10], "texture": "#3"},
				"down": {"uv": [6.5, 10, 6, 11], "texture": "#3"}
			}
		},
		{
			"from": [6, 1, 8],
			"to": [10, 2, 9],
			"rotation": {"angle": 0, "axis": "y", "origin": [6, 1, 8]},
			"faces": {
				"north": {"uv": [7.5, 6.5, 9.5, 7], "texture": "#3"},
				"east": {"uv": [0.5, 10.5, 1, 11], "texture": "#3"},
				"south": {"uv": [8, 2, 10, 2.5], "texture": "#3"},
				"west": {"uv": [10.5, 0.5, 11, 1], "texture": "#3"},
				"up": {"uv": [10, 3, 8, 2.5], "texture": "#3"},
				"down": {"uv": [10, 3, 8, 3.5], "texture": "#3"}
			}
		},
		{
			"from": [6, 2, 8],
			"to": [7, 3, 9],
			"rotation": {"angle": 0, "axis": "y", "origin": [6, 2, 8]},
			"faces": {
				"north": {"uv": [1, 10.5, 1.5, 11], "texture": "#3"},
				"east": {"uv": [10.5, 1.5, 11, 2], "texture": "#3"},
				"south": {"uv": [2, 10.5, 2.5, 11], "texture": "#3"},
				"west": {"uv": [10.5, 2, 11, 2.5], "texture": "#3"},
				"up": {"uv": [3, 11, 2.5, 10.5], "texture": "#3"},
				"down": {"uv": [11, 3, 10.5, 3.5], "texture": "#3"}
			}
		},
		{
			"from": [6, 3, 8],
			"to": [10, 4, 9],
			"rotation": {"angle": 0, "axis": "y", "origin": [6, 3, 8]},
			"faces": {
				"north": {"uv": [8, 3.5, 10, 4], "texture": "#3"},
				"east": {"uv": [10.5, 3.5, 11, 4], "texture": "#3"},
				"south": {"uv": [4, 8, 6, 8.5], "texture": "#3"},
				"west": {"uv": [4, 10.5, 4.5, 11], "texture": "#3"},
				"up": {"uv": [10, 4.5, 8, 4], "texture": "#3"},
				"down": {"uv": [10, 4.5, 8, 5], "texture": "#3"}
			}
		},
		{
			"from": [9, 4, 8],
			"to": [10, 5, 9],
			"rotation": {"angle": 0, "axis": "y", "origin": [9, 4, 8]},
			"faces": {
				"north": {"uv": [4.5, 10.5, 5, 11], "texture": "#3"},
				"east": {"uv": [5, 10.5, 5.5, 11], "texture": "#3"},
				"south": {"uv": [5.5, 10.5, 6, 11], "texture": "#3"},
				"west": {"uv": [6.5, 10.5, 7, 11], "texture": "#3"},
				"up": {"uv": [11, 7, 10.5, 6.5], "texture": "#3"},
				"down": {"uv": [7.5, 10.5, 7, 11], "texture": "#3"}
			}
		},
		{
			"from": [6, 5, 8],
			"to": [10, 6, 9],
			"rotation": {"angle": 0, "axis": "y", "origin": [6, 5, 8]},
			"faces": {
				"north": {"uv": [8, 7.5, 10, 8], "texture": "#3"},
				"east": {"uv": [10.5, 7, 11, 7.5], "texture": "#3"},
				"south": {"uv": [8, 8, 10, 8.5], "texture": "#3"},
				"west": {"uv": [7.5, 10.5, 8, 11], "texture": "#3"},
				"up": {"uv": [2, 9, 0, 8.5], "texture": "#3"},
				"down": {"uv": [4, 8.5, 2, 9], "texture": "#3"}
			}
		},
		{
			"from": [7, 2, 7],
			"to": [10, 3, 9],
			"rotation": {"angle": 0, "axis": "y", "origin": [6, 2, 8]},
			"faces": {
				"north": {"uv": [9, 7, 10.5, 7.5], "texture": "#3"},
				"east": {"uv": [6.5, 10, 7.5, 10.5], "texture": "#3"},
				"south": {"uv": [9.5, 5, 11, 5.5], "texture": "#3"},
				"west": {"uv": [7.5, 10, 8.5, 10.5], "texture": "#3"},
				"up": {"uv": [7.5, 6, 6, 5], "texture": "#3"},
				"down": {"uv": [7.5, 6, 6, 7], "texture": "#3"}
			}
		},
		{
			"from": [6, 4, 7],
			"to": [9, 5, 9],
			"rotation": {"angle": 0, "axis": "y", "origin": [5, 4, 8]},
			"faces": {
				"north": {"uv": [9.5, 5.5, 11, 6], "texture": "#3"},
				"east": {"uv": [10, 7.5, 11, 8], "texture": "#3"},
				"south": {"uv": [9.5, 6, 11, 6.5], "texture": "#3"},
				"west": {"uv": [10, 8, 11, 8.5], "texture": "#3"},
				"up": {"uv": [5.5, 8, 4, 7], "texture": "#3"},
				"down": {"uv": [7, 7, 5.5, 8], "texture": "#3"}
			}
		},
		{
			"from": [6, 6, 7],
			"to": [10, 8, 9],
			"rotation": {"angle": 0, "axis": "y", "origin": [5, 6, 8]},
			"faces": {
				"north": {"uv": [6, 2, 8, 3], "texture": "#3"},
				"east": {"uv": [6, 8, 7, 9], "texture": "#3"},
				"south": {"uv": [6, 3, 8, 4], "texture": "#3"},
				"west": {"uv": [4, 8.5, 5, 9.5], "texture": "#3"},
				"up": {"uv": [6, 7, 4, 6], "texture": "#3"},
				"down": {"uv": [8, 4, 6, 5], "texture": "#3"}
			}
		},
		{
			"from": [7, 8, 7],
			"to": [9, 19, 9],
			"rotation": {"angle": 0, "axis": "y", "origin": [7, 8, 7]},
			"faces": {
				"north": {"uv": [0, 0, 2, 11], "texture": "#3"},
				"east": {"uv": [2, 0, 4, 11], "texture": "#3"},
				"south": {"uv": [4, 0, 6, 11], "texture": "#3"},
				"west": {"uv": [6, 0, 8, 11], "texture": "#3"},
				"up": {"uv": [10, 2, 8, 0], "texture": "#3"},
				"down": {"uv": [10, 2, 8, 4], "texture": "#3"}
			}
		},
		{
			"from": [5, 14, 7],
			"to": [7, 16, 9],
			"rotation": {"angle": 0, "axis": "y", "origin": [7, 7, 7]},
			"faces": {
				"north": {"uv": [8, 4, 10, 6], "texture": "#3"},
				"east": {"uv": [8, 6, 10, 8], "texture": "#3"},
				"south": {"uv": [8, 8, 10, 10], "texture": "#3"},
				"west": {"uv": [10, 0, 12, 2], "texture": "#3"},
				"up": {"uv": [12, 4, 10, 2], "texture": "#3"},
				"down": {"uv": [12, 4, 10, 6], "texture": "#3"}
			}
		},
		{
			"from": [5, 17, 7],
			"to": [7, 19, 9],
			"rotation": {"angle": 0, "axis": "y", "origin": [7, 10, 7]},
			"faces": {
				"north": {"uv": [10, 6, 12, 8], "texture": "#3"},
				"east": {"uv": [8, 10, 10, 12], "texture": "#3"},
				"south": {"uv": [10, 8, 12, 10], "texture": "#3"},
				"west": {"uv": [10, 10, 12, 12], "texture": "#3"},
				"up": {"uv": [2, 13, 0, 11], "texture": "#3"},
				"down": {"uv": [4, 11, 2, 13], "texture": "#3"}
			}
		}
	],
	"display": {
		"thirdperson_righthand": {
			"rotation": [-180, 180, 180],
			"translation": [0, 2.75, 0],
			"scale": [0.5, 0.5, 0.5]
		},
		"thirdperson_lefthand": {
			"rotation": [180, 180, 180],
			"scale": [0.5, 0.5, 0.5]
		},
		"firstperson_righthand": {
			"rotation": [-180, 0, -180],
			"translation": [0, 4, 0],
			"scale": [0.5, 0.5, 0.5]
		},
		"firstperson_lefthand": {
			"rotation": [0, 180, 0],
			"translation": [1.75, 4.25, 0],
			"scale": [0.5, 0.5, 0.5]
		},
		"ground": {
			"translation": [0, 4, 0],
			"scale": [0.5, 0.5, 0.5]
		},
		"gui": {
			"rotation": [28, -135, 0],
			"translation": [-0.5, -1, 0],
			"scale": [0.75, 0.75, 0.75]
		},
		"fixed": {
			"translation": [0, -1.25, 0]
		},
		"on_shelf": {
			"rotation": [0, 180, 0]
		}
	},
	"groups": [
		{
			"name": "stock face",
			"origin": [0, 0, -12],
			"color": 0,
			"children": [0, 1, 2, 3, 4, 5, 6, 7, 8, 9, 10, 11, 12, 13, 14]
		},
		15,
		16,
		17
	]
}