{
	"format_version": "1.21.6",
	"credit": "Made with Blockbench",
	"texture_size": [64, 64],
	"textures": {
		"4": "block/stock_create"
	},
	"elements": [
		{
			"from": [1, 0, 1],
			"to": [15, 14, 15],
			"faces": {
				"north": {"uv": [0, 0, 3.5, 3.5], "texture": "#4"},
				"east": {"uv": [0, 3.5, 3.5, 7], "texture": "#4"},
				"south": {"uv": [3.5, 0, 7, 3.5], "texture": "#4"},
				"west": {"uv": [3.5, 3.5, 7, 7], "texture": "#4"},
				"up": {"uv": [3.5, 10.5, 0, 7], "texture": "#4"},
				"down": {"uv": [10.5, 0, 7, 3.5], "texture": "#4"}
			}
		},
		{
			"from": [1, 0, 0],
			"to": [2, 14, 1],
			"faces": {
				"north": {"uv": [3.5, 7, 3.75, 10.5], "texture": "#4"},
				"east": {"uv": [7, 3.5, 7.25, 7], "texture": "#4"},
				"south": {"uv": [3.75, 7, 4, 10.5], "texture": "#4"},
				"west": {"uv": [4, 7, 4.25, 10.5], "texture": "#4"},
				"up": {"uv": [4.5, 13.25, 4.25, 13], "texture": "#4"},
				"down": {"uv": [13.25, 4.25, 13, 4.5], "texture": "#4"}
			}
		},
		{
			"from": [0, 0, 1],
			"to": [1, 14, 2],
			"rotation": {"angle": 0, "axis": "y", "origin": [-1, 0, 1]},
			"faces": {
				"north": {"uv": [4.25, 7, 4.5, 10.5], "texture": "#4"},
				"east": {"uv": [4.5, 7, 4.75, 10.5], "texture": "#4"},
				"south": {"uv": [4.75, 7, 5, 10.5], "texture": "#4"},
				"west": {"uv": [5, 7, 5.25, 10.5], "texture": "#4"},
				"up": {"uv": [4.75, 13.25, 4.5, 13], "texture": "#4"},
				"down": {"uv": [5, 13, 4.75, 13.25], "texture": "#4"}
			}
		},
		{
			"from": [0, 0, 14],
			"to": [1, 14, 15],
			"rotation": {"angle": 0, "axis": "y", "origin": [-1, 0, 14]},
			"faces": {
				"north": {"uv": [5.25, 7, 5.5, 10.5], "texture": "#4"},
				"east": {"uv": [5.5, 7, 5.75, 10.5], "texture": "#4"},
				"south": {"uv": [5.75, 7, 6, 10.5], "texture": "#4"},
				"west": {"uv": [6, 7, 6.25, 10.5], "texture": "#4"},
				"up": {"uv": [5.25, 13.25, 5, 13], "texture": "#4"},
				"down": {"uv": [5.5, 13, 5.25, 13.25], "texture": "#4"}
			}
		},
		{
			"from": [1, 0, 15],
			"to": [2, 14, 16],
			"rotation": {"angle": 0, "axis": "y", "origin": [0, 0, 15]},
			"faces": {
				"north": {"uv": [6.25, 7, 6.5, 10.5], "texture": "#4"},
				"east": {"uv": [6.5, 7, 6.75, 10.5], "texture": "#4"},
				"south": {"uv": [6.75, 7, 7, 10.5], "texture": "#4"},
				"west": {"uv": [7, 7, 7.25, 10.5], "texture": "#4"},
				"up": {"uv": [5.75, 13.25, 5.5, 13], "texture": "#4"},
				"down": {"uv": [6, 13, 5.75, 13.25], "texture": "#4"}
			}
		},
		{
			"from": [14, 0, 15],
			"to": [15, 14, 16],
			"rotation": {"angle": 0, "axis": "y", "origin": [13, 0, 15]},
			"faces": {
				"north": {"uv": [7.25, 3.5, 7.5, 7], "texture": "#4"},
				"east": {"uv": [7.25, 7, 7.5, 10.5], "texture": "#4"},
				"south": {"uv": [7.5, 3.5, 7.75, 7], "texture": "#4"},
				"west": {"uv": [7.5, 7, 7.75, 10.5], "texture": "#4"},
				"up": {"uv": [6.25, 13.25, 6, 13], "texture": "#4"},
				"down": {"uv": [6.5, 13, 6.25, 13.25], "texture": "#4"}
			}
		},
		{
			"from": [15, 0, 14],
			"to": [16, 14, 15],
			"rotation": {"angle": 0, "axis": "y", "origin": [14, 0, 14]},
			"faces": {
				"north": {"uv": [7.75, 3.5, 8, 7], "texture": "#4"},
				"east": {"uv": [7.75, 7, 8, 10.5], "texture": "#4"},
				"south": {"uv": [8, 3.5, 8.25, 7], "texture": "#4"},
				"west": {"uv": [8, 7, 8.25, 10.5], "texture": "#4"},
				"up": {"uv": [8.5, 13.25, 8.25, 13], "texture": "#4"},
				"down": {"uv": [8.75, 13, 8.5, 13.25], "texture": "#4"}
			}
		},
		{
			"from": [15, 0, 1],
			"to": [16, 14, 2],
			"rotation": {"angle": 0, "axis": "y", "origin": [14, 0, 1]},
			"faces": {
				"north": {"uv": [8.25, 3.5, 8.5, 7], "texture": "#4"},
				"east": {"uv": [8.25, 7, 8.5, 10.5], "texture": "#4"},
				"south": {"uv": [8.5, 3.5, 8.75, 7], "texture": "#4"},
				"west": {"uv": [8.5, 7, 8.75, 10.5], "texture": "#4"},
				"up": {"uv": [9, 13.25, 8.75, 13], "texture": "#4"},
				"down": {"uv": [9.25, 13, 9, 13.25], "texture": "#4"}
			}
		},
		{
			"from": [14, 0, 0],
			"to": [15, 14, 1],
			"rotation": {"angle": 0, "axis": "y", "origin": [13, 0, 0]},
			"faces": {
				"north": {"uv": [8.75, 3.5, 9, 7], "texture": "#4"},
				"east": {"uv": [8.75, 7, 9, 10.5], "texture": "#4"},
				"south": {"uv": [9, 3.5, 9.25, 7], "texture": "#4"},
				"west": {"uv": [9, 7, 9.25, 10.5], "texture": "#4"},
				"up": {"uv": [9.5, 13.25, 9.25, 13], "texture": "#4"},
				"down": {"uv": [9.75, 13, 9.5, 13.25], "texture": "#4"}
			}
		},
		{
			"from": [2, 13, 0],
			"to": [14, 14, 1],
			"rotation": {"angle": 0, "axis": "y", "origin": [13, 0, 0]},
			"faces": {
				"north": {"uv": [9.25, 3.5, 12.25, 3.75], "texture": "#4"},
				"east": {"uv": [13, 10.25, 13.25, 10.5], "texture": "#4"},
				"south": {"uv": [9.25, 3.75, 12.25, 4], "texture": "#4"},
				"west": {"uv": [10.5, 13, 10.75, 13.25], "texture": "#4"},
				"up": {"uv": [12.25, 4.25, 9.25, 4], "texture": "#4"},
				"down": {"uv": [12.25, 4.25, 9.25, 4.5], "texture": "#4"}
			}
		},
		{
			"from": [2, 0, 0],
			"to": [14, 1, 1],
			"rotation": {"angle": 0, "axis": "y", "origin": [13, -13, 0]},
			"faces": {
				"north": {"uv": [9.25, 4.5, 12.25, 4.75], "texture": "#4"},
				"east": {"uv": [13, 10.5, 13.25, 10.75], "texture": "#4"},
				"south": {"uv": [9.25, 4.75, 12.25, 5], "texture": "#4"},
				"west": {"uv": [10.75, 13, 11, 13.25], "texture": "#4"},
				"up": {"uv": [12.25, 5.25, 9.25, 5], "texture": "#4"},
				"down": {"uv": [12.25, 5.25, 9.25, 5.5], "texture": "#4"}
			}
		},
		{
			"from": [2, 0, 15],
			"to": [14, 1, 16],
			"rotation": {"angle": 0, "axis": "y", "origin": [13, -13, 15]},
			"faces": {
				"north": {"uv": [9.25, 5.5, 12.25, 5.75], "texture": "#4"},
				"east": {"uv": [11, 13, 11.25, 13.25], "texture": "#4"},
				"south": {"uv": [9.25, 5.75, 12.25, 6], "texture": "#4"},
				"west": {"uv": [11.25, 13, 11.5, 13.25], "texture": "#4"},
				"up": {"uv": [12.25, 6.25, 9.25, 6], "texture": "#4"},
				"down": {"uv": [12.25, 6.25, 9.25, 6.5], "texture": "#4"}
			}
		},
		{
			"from": [2, 13, 15],
			"to": [14, 14, 16],
			"rotation": {"angle": 0, "axis": "y", "origin": [13, 0, 15]},
			"faces": {
				"north": {"uv": [9.25, 6.5, 12.25, 6.75], "texture": "#4"},
				"east": {"uv": [11.5, 13, 11.75, 13.25], "texture": "#4"},
				"south": {"uv": [9.25, 6.75, 12.25, 7], "texture": "#4"},
				"west": {"uv": [11.75, 13, 12, 13.25], "texture": "#4"},
				"up": {"uv": [12.25, 7.25, 9.25, 7], "texture": "#4"},
				"down": {"uv": [12.25, 7.25, 9.25, 7.5], "texture": "#4"}
			}
		},
		{
			"from": [2, 14, 14],
			"to": [14, 15, 15],
			"rotation": {"angle": 0, "axis": "y", "origin": [13, 1, 14]},
			"faces": {
				"north": {"uv": [9.25, 7.5, 12.25, 7.75], "texture": "#4"},
				"east": {"uv": [12, 13, 12.25, 13.25], "texture": "#4"},
				"south": {"uv": [9.25, 7.75, 12.25, 8], "texture": "#4"},
				"west": {"uv": [12.25, 13, 12.5, 13.25], "texture": "#4"},
				"up": {"uv": [12.25, 8.25, 9.25, 8], "texture": "#4"},
				"down": {"uv": [12.25, 8.25, 9.25, 8.5], "texture": "#4"}
			}
		},
		{
			"from": [2, 14, 1],
			"to": [14, 15, 2],
			"rotation": {"angle": 0, "axis": "y", "origin": [13, 1, 1]},
			"faces": {
				"north": {"uv": [9.25, 8.5, 12.25, 8.75], "texture": "#4"},
				"east": {"uv": [13, 12.25, 13.25, 12.5], "texture": "#4"},
				"south": {"uv": [9.25, 8.75, 12.25, 9], "texture": "#4"},
				"west": {"uv": [13, 12.5, 13.25, 12.75], "texture": "#4"},
				"up": {"uv": [12.25, 9.25, 9.25, 9], "texture": "#4"},
				"down": {"uv": [12.25, 9.25, 9.25, 9.5], "texture": "#4"}
			}
		},
		{
			"from": [0, 13, 2],
			"to": [1, 14, 14],
			"rotation": {"angle": 0, "axis": "y", "origin": [13, 0, 15]},
			"faces": {
				"north": {"uv": [12.75, 13, 13, 13.25], "texture": "#4"},
				"east": {"uv": [9.25, 9.5, 12.25, 9.75], "texture": "#4"},
				"south": {"uv": [13, 13, 13.25, 13.25], "texture": "#4"},
				"west": {"uv": [9.25, 9.75, 12.25, 10], "texture": "#4"},
				"up": {"uv": [9.5, 13, 9.25, 10], "texture": "#4"},
				"down": {"uv": [9.75, 10, 9.5, 13], "texture": "#4"}
			}
		},
		{
			"from": [0, 0, 2],
			"to": [1, 1, 14],
			"rotation": {"angle": 0, "axis": "y", "origin": [13, -13, 15]},
			"faces": {
				"north": {"uv": [0.25, 13.25, 0.5, 13.5], "texture": "#4"},
				"east": {"uv": [9.75, 10, 12.75, 10.25], "texture": "#4"},
				"south": {"uv": [0.5, 13.25, 0.75, 13.5], "texture": "#4"},
				"west": {"uv": [9.75, 10.25, 12.75, 10.5], "texture": "#4"},
				"up": {"uv": [0.25, 13.5, 0, 10.5], "texture": "#4"},
				"down": {"uv": [10.75, 0, 10.5, 3], "texture": "#4"}
			}
		},
		{
			"from": [15, 0, 2],
			"to": [16, 1, 14],
			"rotation": {"angle": 0, "axis": "y", "origin": [28, -13, 15]},
			"faces": {
				"north": {"uv": [13.25, 0.5, 13.5, 0.75], "texture": "#4"},
				"east": {"uv": [0.25, 10.5, 3.25, 10.75], "texture": "#4"},
				"south": {"uv": [13.25, 0.75, 13.5, 1], "texture": "#4"},
				"west": {"uv": [10.5, 3, 13.5, 3.25], "texture": "#4"},
				"up": {"uv": [3.5, 13.5, 3.25, 10.5], "texture": "#4"},
				"down": {"uv": [3.75, 10.5, 3.5, 13.5], "texture": "#4"}
			}
		},
		{
			"from": [15, 13, 2],
			"to": [16, 14, 14],
			"rotation": {"angle": 0, "axis": "y", "origin": [28, 0, 15]},
			"faces": {
				"north": {"uv": [1, 13.25, 1.25, 13.5], "texture": "#4"},
				"east": {"uv": [10.5, 3.25, 13.5, 3.5], "texture": "#4"},
				"south": {"uv": [1.25, 13.25, 1.5, 13.5], "texture": "#4"},
				"west": {"uv": [3.75, 10.5, 6.75, 10.75], "texture": "#4"},
				"up": {"uv": [7, 13.5, 6.75, 10.5], "texture": "#4"},
				"down": {"uv": [7.25, 10.5, 7, 13.5], "texture": "#4"}
			}
		},
		{
			"from": [14, 14, 2],
			"to": [15, 15, 14],
			"rotation": {"angle": 0, "axis": "y", "origin": [27, 1, 15]},
			"faces": {
				"north": {"uv": [13.25, 1.25, 13.5, 1.5], "texture": "#4"},
				"east": {"uv": [9.75, 10.5, 12.75, 10.75], "texture": "#4"},
				"south": {"uv": [13.25, 1.5, 13.5, 1.75], "texture": "#4"},
				"west": {"uv": [10.75, 0, 13.75, 0.25], "texture": "#4"},
				"up": {"uv": [7.5, 13.5, 7.25, 10.5], "texture": "#4"},
				"down": {"uv": [7.75, 10.5, 7.5, 13.5], "texture": "#4"}
			}
		},
		{
			"from": [1, 14, 2],
			"to": [2, 15, 14],
			"rotation": {"angle": 0, "axis": "y", "origin": [14, 1, 15]},
			"faces": {
				"north": {"uv": [1.75, 13.25, 2, 13.5], "texture": "#4"},
				"east": {"uv": [0.25, 10.75, 3.25, 11], "texture": "#4"},
				"south": {"uv": [2, 13.25, 2.25, 13.5], "texture": "#4"},
				"west": {"uv": [10.75, 0.25, 13.75, 0.5], "texture": "#4"},
				"up": {"uv": [8, 13.5, 7.75, 10.5], "texture": "#4"},
				"down": {"uv": [8.25, 10.5, 8, 13.5], "texture": "#4"}
			}
		},
		{
			"from": [6, 3, -1],
			"to": [10, 4, 1],
			"rotation": {"angle": 0, "axis": "y", "origin": [6, 3, 0]},
			"faces": {
				"north": {"uv": [4.5, 12.25, 5.5, 12.5], "texture": "#4"},
				"east": {"uv": [2.75, 12.75, 3.25, 13], "texture": "#4"},
				"south": {"uv": [12.25, 4.5, 13.25, 4.75], "texture": "#4"},
				"west": {"uv": [12.75, 5.5, 13.25, 5.75], "texture": "#4"},
				"up": {"uv": [11.75, 2.5, 10.75, 2], "texture": "#4"},
				"down": {"uv": [11.75, 2.5, 10.75, 3], "texture": "#4"}
			}
		},
		{
			"from": [4, 4, -1],
			"to": [6, 10, 1],
			"rotation": {"angle": 0, "axis": "y", "origin": [5, 3, 0]},
			"faces": {
				"north": {"uv": [8.25, 10.5, 8.75, 12], "texture": "#4"},
				"east": {"uv": [8.75, 10.5, 9.25, 12], "texture": "#4"},
				"south": {"uv": [10.75, 0.5, 11.25, 2], "texture": "#4"},
				"west": {"uv": [3.75, 10.75, 4.25, 12.25], "texture": "#4"},
				"up": {"uv": [12.75, 5.25, 12.25, 4.75], "texture": "#4"},
				"down": {"uv": [12.75, 5.25, 12.25, 5.75], "texture": "#4"}
			}
		},
		{
			"from": [10, 4, -1],
			"to": [12, 10, 1],
			"rotation": {"angle": 0, "axis": "y", "origin": [10, 3, 0]},
			"faces": {
				"north": {"uv": [4.25, 10.75, 4.75, 12.25], "texture": "#4"},
				"east": {"uv": [4.75, 10.75, 5.25, 12.25], "texture": "#4"},
				"south": {"uv": [5.25, 10.75, 5.75, 12.25], "texture": "#4"},
				"west": {"uv": [5.75, 10.75, 6.25, 12.25], "texture": "#4"},
				"up": {"uv": [6, 12.75, 5.5, 12.25], "texture": "#4"},
				"down": {"uv": [12.75, 5.75, 12.25, 6.25], "texture": "#4"}
			}
		},
		{
			"from": [10, 10, -1],
			"to": [11, 11, 1],
			"rotation": {"angle": 0, "axis": "y", "origin": [10, 4, 0]},
			"faces": {
				"north": {"uv": [13.25, 2, 13.5, 2.25], "texture": "#4"},
				"east": {"uv": [12.75, 5.75, 13.25, 6], "texture": "#4"},
				"south": {"uv": [2.25, 13.25, 2.5, 13.5], "texture": "#4"},
				"west": {"uv": [6, 12.75, 6.5, 13], "texture": "#4"},
				"up": {"uv": [3.25, 12.5, 3, 12], "texture": "#4"},
				"down": {"uv": [9.25, 12, 9, 12.5], "texture": "#4"}
			}
		},
		{
			"from": [10, 3, -1],
			"to": [11, 4, 1],
			"rotation": {"angle": 0, "axis": "y", "origin": [10, -3, 0]},
			"faces": {
				"north": {"uv": [13.25, 2.25, 13.5, 2.5], "texture": "#4"},
				"east": {"uv": [12.75, 6, 13.25, 6.25], "texture": "#4"},
				"south": {"uv": [2.5, 13.25, 2.75, 13.5], "texture": "#4"},
				"west": {"uv": [8.25, 12.75, 8.75, 13], "texture": "#4"},
				"up": {"uv": [6.75, 12.75, 6.5, 12.25], "texture": "#4"},
				"down": {"uv": [6.75, 12.75, 6.5, 13.25], "texture": "#4"}
			}
		},
		{
			"from": [5, 3, -1],
			"to": [6, 4, 1],
			"rotation": {"angle": 0, "axis": "y", "origin": [5, -3, 0]},
			"faces": {
				"north": {"uv": [3.75, 13.25, 4, 13.5], "texture": "#4"},
				"east": {"uv": [8.75, 12.75, 9.25, 13], "texture": "#4"},
				"south": {"uv": [4, 13.25, 4.25, 13.5], "texture": "#4"},
				"west": {"uv": [12.75, 9.25, 13.25, 9.5], "texture": "#4"},
				"up": {"uv": [10, 13.25, 9.75, 12.75], "texture": "#4"},
				"down": {"uv": [10.25, 12.75, 10, 13.25], "texture": "#4"}
			}
		},
		{
			"from": [5, 10, -1],
			"to": [6, 11, 1],
			"rotation": {"angle": 0, "axis": "y", "origin": [5, 4, 0]},
			"faces": {
				"north": {"uv": [4.25, 13.25, 4.5, 13.5], "texture": "#4"},
				"east": {"uv": [12.75, 9.5, 13.25, 9.75], "texture": "#4"},
				"south": {"uv": [13.25, 4.25, 13.5, 4.5], "texture": "#4"},
				"west": {"uv": [12.75, 10, 13.25, 10.25], "texture": "#4"},
				"up": {"uv": [10.5, 13.25, 10.25, 12.75], "texture": "#4"},
				"down": {"uv": [13, 10.25, 12.75, 10.75], "texture": "#4"}
			}
		},
		{
			"from": [6, 4, 0],
			"to": [10, 5, 1],
			"rotation": {"angle": 0, "axis": "y", "origin": [6, 4, 0]},
			"faces": {
				"north": {"uv": [12.25, 6.25, 13.25, 6.5], "texture": "#4"},
				"east": {"uv": [4.5, 13.25, 4.75, 13.5], "texture": "#4"},
				"south": {"uv": [12.25, 6.5, 13.25, 6.75], "texture": "#4"},
				"west": {"uv": [13.25, 4.5, 13.5, 4.75], "texture": "#4"},
				"up": {"uv": [13.25, 7, 12.25, 6.75], "texture": "#4"},
				"down": {"uv": [13.25, 7, 12.25, 7.25], "texture": "#4"}
			}
		},
		{
			"from": [6, 5, 0],
			"to": [7, 6, 1],
			"rotation": {"angle": 0, "axis": "y", "origin": [6, 5, 0]},
			"faces": {
				"north": {"uv": [4.75, 13.25, 5, 13.5], "texture": "#4"},
				"east": {"uv": [5, 13.25, 5.25, 13.5], "texture": "#4"},
				"south": {"uv": [5.25, 13.25, 5.5, 13.5], "texture": "#4"},
				"west": {"uv": [5.5, 13.25, 5.75, 13.5], "texture": "#4"},
				"up": {"uv": [13.5, 5.75, 13.25, 5.5], "texture": "#4"},
				"down": {"uv": [6, 13.25, 5.75, 13.5], "texture": "#4"}
			}
		},
		{
			"from": [6, 6, 0],
			"to": [10, 7, 1],
			"rotation": {"angle": 0, "axis": "y", "origin": [6, 6, 0]},
			"faces": {
				"north": {"uv": [12.25, 7.25, 13.25, 7.5], "texture": "#4"},
				"east": {"uv": [13.25, 5.75, 13.5, 6], "texture": "#4"},
				"south": {"uv": [12.25, 7.5, 13.25, 7.75], "texture": "#4"},
				"west": {"uv": [6, 13.25, 6.25, 13.5], "texture": "#4"},
				"up": {"uv": [13.25, 8, 12.25, 7.75], "texture": "#4"},
				"down": {"uv": [13.25, 8, 12.25, 8.25], "texture": "#4"}
			}
		},
		{
			"from": [9, 7, 0],
			"to": [10, 8, 1],
			"rotation": {"angle": 0, "axis": "y", "origin": [9, 7, 0]},
			"faces": {
				"north": {"uv": [13.25, 6, 13.5, 6.25], "texture": "#4"},
				"east": {"uv": [6.25, 13.25, 6.5, 13.5], "texture": "#4"},
				"south": {"uv": [13.25, 6.25, 13.5, 6.5], "texture": "#4"},
				"west": {"uv": [6.5, 13.25, 6.75, 13.5], "texture": "#4"},
				"up": {"uv": [13.5, 6.75, 13.25, 6.5], "texture": "#4"},
				"down": {"uv": [13.5, 6.75, 13.25, 7], "texture": "#4"}
			}
		},
		{
			"from": [6, 8, 0],
			"to": [10, 9, 1],
			"rotation": {"angle": 0, "axis": "y", "origin": [6, 8, 0]},
			"faces": {
				"north": {"uv": [12.25, 8.25, 13.25, 8.5], "texture": "#4"},
				"east": {"uv": [13.25, 7, 13.5, 7.25], "texture": "#4"},
				"south": {"uv": [12.25, 8.5, 13.25, 8.75], "texture": "#4"},
				"west": {"uv": [13.25, 7.25, 13.5, 7.5], "texture": "#4"},
				"up": {"uv": [13.25, 9, 12.25, 8.75], "texture": "#4"},
				"down": {"uv": [13.25, 9, 12.25, 9.25], "texture": "#4"}
			}
		},
		{
			"from": [7, 5, -1],
			"to": [10, 6, 1],
			"rotation": {"angle": 0, "axis": "y", "origin": [6, 5, 0]},
			"faces": {
				"north": {"uv": [12.75, 2.5, 13.5, 2.75], "texture": "#4"},
				"east": {"uv": [10.5, 12.75, 11, 13], "texture": "#4"},
				"south": {"uv": [12.75, 2.75, 13.5, 3], "texture": "#4"},
				"west": {"uv": [12.75, 10.75, 13.25, 11], "texture": "#4"},
				"up": {"uv": [3, 12.5, 2.25, 12], "texture": "#4"},
				"down": {"uv": [9, 12, 8.25, 12.5], "texture": "#4"}
			}
		},
		{
			"from": [6, 7, -1],
			"to": [9, 8, 1],
			"rotation": {"angle": 0, "axis": "y", "origin": [5, 7, 0]},
			"faces": {
				"north": {"uv": [3.75, 12.75, 4.5, 13], "texture": "#4"},
				"east": {"uv": [11, 12.75, 11.5, 13], "texture": "#4"},
				"south": {"uv": [4.5, 12.75, 5.25, 13], "texture": "#4"},
				"west": {"uv": [12.75, 11, 13.25, 11.25], "texture": "#4"},
				"up": {"uv": [13, 1, 12.25, 0.5], "texture": "#4"},
				"down": {"uv": [13, 1, 12.25, 1.5], "texture": "#4"}
			}
		},
		{
			"from": [6, 9, -1],
			"to": [10, 11, 1],
			"rotation": {"angle": 0, "axis": "y", "origin": [5, 9, 0]},
			"faces": {
				"north": {"uv": [2.25, 11, 3.25, 11.5], "texture": "#4"},
				"east": {"uv": [6, 12.25, 6.5, 12.75], "texture": "#4"},
				"south": {"uv": [11.25, 0.5, 12.25, 1], "texture": "#4"},
				"west": {"uv": [12.25, 9.25, 12.75, 9.75], "texture": "#4"},
				"up": {"uv": [12.25, 1.5, 11.25, 1], "texture": "#4"},
				"down": {"uv": [12.25, 1.5, 11.25, 2], "texture": "#4"}
			}
		},
		{
			"from": [5, 16, 7],
			"to": [9, 17, 9],
			"rotation": {"angle": 45, "axis": "y", "origin": [7, 16, 8]},
			"faces": {
				"north": {"uv": [9.75, 12.25, 10.75, 12.5], "texture": "#4"},
				"east": {"uv": [12.75, 11.25, 13.25, 11.5], "texture": "#4"},
				"south": {"uv": [12.25, 9.75, 13.25, 10], "texture": "#4"},
				"west": {"uv": [11.5, 12.75, 12, 13], "texture": "#4"},
				"up": {"uv": [12.25, 11.25, 11.25, 10.75], "texture": "#4"},
				"down": {"uv": [12.25, 11.25, 11.25, 11.75], "texture": "#4"}
			}
		},
		{
			"from": [3, 17, 7],
			"to": [5, 23, 9],
			"rotation": {"angle": 45, "axis": "y", "origin": [7, 16, 8]},
			"faces": {
				"north": {"uv": [6.25, 10.75, 6.75, 12.25], "texture": "#4"},
				"east": {"uv": [9.75, 10.75, 10.25, 12.25], "texture": "#4"},
				"south": {"uv": [10.25, 10.75, 10.75, 12.25], "texture": "#4"},
				"west": {"uv": [10.75, 10.75, 11.25, 12.25], "texture": "#4"},
				"up": {"uv": [11.25, 12.75, 10.75, 12.25], "texture": "#4"},
				"down": {"uv": [12.75, 10.75, 12.25, 11.25], "texture": "#4"}
			}
		},
		{
			"from": [9, 17, 7],
			"to": [11, 23, 9],
			"rotation": {"angle": 45, "axis": "y", "origin": [7, 16, 8]},
			"faces": {
				"north": {"uv": [0.25, 11, 0.75, 12.5], "texture": "#4"},
				"east": {"uv": [0.75, 11, 1.25, 12.5], "texture": "#4"},
				"south": {"uv": [1.25, 11, 1.75, 12.5], "texture": "#4"},
				"west": {"uv": [1.75, 11, 2.25, 12.5], "texture": "#4"},
				"up": {"uv": [11.75, 12.75, 11.25, 12.25], "texture": "#4"},
				"down": {"uv": [12.75, 11.25, 12.25, 11.75], "texture": "#4"}
			}
		},
		{
			"from": [9, 23, 7],
			"to": [10, 24, 9],
			"rotation": {"angle": 45, "axis": "y", "origin": [7, 16, 8]},
			"faces": {
				"north": {"uv": [13.25, 7.5, 13.5, 7.75], "texture": "#4"},
				"east": {"uv": [12.75, 11.5, 13.25, 11.75], "texture": "#4"},
				"south": {"uv": [13.25, 7.75, 13.5, 8], "texture": "#4"},
				"west": {"uv": [12, 12.75, 12.5, 13], "texture": "#4"},
				"up": {"uv": [13, 12.75, 12.75, 12.25], "texture": "#4"},
				"down": {"uv": [12.75, 12.75, 12.5, 13.25], "texture": "#4"}
			}
		},
		{
			"from": [9, 16, 7],
			"to": [10, 17, 9],
			"rotation": {"angle": 45, "axis": "y", "origin": [7, 16, 8]},
			"faces": {
				"north": {"uv": [13.25, 8, 13.5, 8.25], "texture": "#4"},
				"east": {"uv": [12.75, 12.75, 13.25, 13], "texture": "#4"},
				"south": {"uv": [8.25, 13.25, 8.5, 13.5], "texture": "#4"},
				"west": {"uv": [0.25, 13, 0.75, 13.25], "texture": "#4"},
				"up": {"uv": [13.25, 1, 13, 0.5], "texture": "#4"},
				"down": {"uv": [1, 13, 0.75, 13.5], "texture": "#4"}
			}
		},
		{
			"from": [4, 16, 7],
			"to": [5, 17, 9],
			"rotation": {"angle": 45, "axis": "y", "origin": [7, 16, 8]},
			"faces": {
				"north": {"uv": [13.25, 8.25, 13.5, 8.5], "texture": "#4"},
				"east": {"uv": [1, 13, 1.5, 13.25], "texture": "#4"},
				"south": {"uv": [8.5, 13.25, 8.75, 13.5], "texture": "#4"},
				"west": {"uv": [13, 1, 13.5, 1.25], "texture": "#4"},
				"up": {"uv": [13.25, 1.75, 13, 1.25], "texture": "#4"},
				"down": {"uv": [1.75, 13, 1.5, 13.5], "texture": "#4"}
			}
		},
		{
			"from": [4, 23, 7],
			"to": [5, 24, 9],
			"rotation": {"angle": 45, "axis": "y", "origin": [7, 16, 8]},
			"faces": {
				"north": {"uv": [13.25, 8.5, 13.5, 8.75], "texture": "#4"},
				"east": {"uv": [1.75, 13, 2.25, 13.25], "texture": "#4"},
				"south": {"uv": [8.75, 13.25, 9, 13.5], "texture": "#4"},
				"west": {"uv": [13, 1.75, 13.5, 2], "texture": "#4"},
				"up": {"uv": [3, 13.5, 2.75, 13], "texture": "#4"},
				"down": {"uv": [3.25, 13, 3, 13.5], "texture": "#4"}
			}
		},
		{
			"from": [5, 17, 8],
			"to": [9, 18, 9],
			"rotation": {"angle": 45, "axis": "y", "origin": [7, 16, 8]},
			"faces": {
				"north": {"uv": [11.75, 12.25, 12.75, 12.5], "texture": "#4"},
				"east": {"uv": [13.25, 8.75, 13.5, 9], "texture": "#4"},
				"south": {"uv": [12.25, 11.75, 13.25, 12], "texture": "#4"},
				"west": {"uv": [9, 13.25, 9.25, 13.5], "texture": "#4"},
				"up": {"uv": [13.25, 12.25, 12.25, 12], "texture": "#4"},
				"down": {"uv": [1.25, 12.5, 0.25, 12.75], "texture": "#4"}
			}
		},
		{
			"from": [5, 18, 8],
			"to": [6, 19, 9],
			"rotation": {"angle": 45, "axis": "y", "origin": [7, 16, 8]},
			"faces": {
				"north": {"uv": [13.25, 9, 13.5, 9.25], "texture": "#4"},
				"east": {"uv": [9.25, 13.25, 9.5, 13.5], "texture": "#4"},
				"south": {"uv": [13.25, 9.25, 13.5, 9.5], "texture": "#4"},
				"west": {"uv": [9.5, 13.25, 9.75, 13.5], "texture": "#4"},
				"up": {"uv": [13.5, 9.75, 13.25, 9.5], "texture": "#4"},
				"down": {"uv": [10, 13.25, 9.75, 13.5], "texture": "#4"}
			}
		},
		{
			"from": [5, 19, 8],
			"to": [9, 20, 9],
			"rotation": {"angle": 45, "axis": "y", "origin": [7, 16, 8]},
			"faces": {
				"north": {"uv": [1.25, 12.5, 2.25, 12.75], "texture": "#4"},
				"east": {"uv": [13.25, 9.75, 13.5, 10], "texture": "#4"},
				"south": {"uv": [2.25, 12.5, 3.25, 12.75], "texture": "#4"},
				"west": {"uv": [10, 13.25, 10.25, 13.5], "texture": "#4"},
				"up": {"uv": [5.5, 12.75, 4.5, 12.5], "texture": "#4"},
				"down": {"uv": [9.25, 12.5, 8.25, 12.75], "texture": "#4"}
			}
		},
		{
			"from": [8, 20, 8],
			"to": [9, 21, 9],
			"rotation": {"angle": 45, "axis": "y", "origin": [7, 16, 8]},
			"faces": {
				"north": {"uv": [13.25, 10, 13.5, 10.25], "texture": "#4"},
				"east": {"uv": [10.25, 13.25, 10.5, 13.5], "texture": "#4"},
				"south": {"uv": [13.25, 10.25, 13.5, 10.5], "texture": "#4"},
				"west": {"uv": [10.5, 13.25, 10.75, 13.5], "texture": "#4"},
				"up": {"uv": [13.5, 10.75, 13.25, 10.5], "texture": "#4"},
				"down": {"uv": [11, 13.25, 10.75, 13.5], "texture": "#4"}
			}
		},
		{
			"from": [5, 21, 8],
			"to": [9, 22, 9],
			"rotation": {"angle": 45, "axis": "y", "origin": [7, 16, 8]},
			"faces": {
				"north": {"uv": [9.75, 12.5, 10.75, 12.75], "texture": "#4"},
				"east": {"uv": [13.25, 10.75, 13.5, 11], "texture": "#4"},
				"south": {"uv": [11.75, 12.5, 12.75, 12.75], "texture": "#4"},
				"west": {"uv": [11, 13.25, 11.25, 13.5], "texture": "#4"},
				"up": {"uv": [1.25, 13, 0.25, 12.75], "texture": "#4"},
				"down": {"uv": [2.25, 12.75, 1.25, 13], "texture": "#4"}
			}
		},
		{
			"from": [6, 18, 7],
			"to": [9, 19, 9],
			"rotation": {"angle": 45, "axis": "y", "origin": [7, 16, 8]},
			"faces": {
				"north": {"uv": [12.75, 4.75, 13.5, 5], "texture": "#4"},
				"east": {"uv": [13, 3.5, 13.5, 3.75], "texture": "#4"},
				"south": {"uv": [12.75, 5, 13.5, 5.25], "texture": "#4"},
				"west": {"uv": [3.75, 13, 4.25, 13.25], "texture": "#4"},
				"up": {"uv": [13, 2, 12.25, 1.5], "texture": "#4"},
				"down": {"uv": [13, 3.5, 12.25, 4], "texture": "#4"}
			}
		},
		{
			"from": [5, 20, 7],
			"to": [8, 21, 9],
			"rotation": {"angle": 45, "axis": "y", "origin": [7, 16, 8]},
			"faces": {
				"north": {"uv": [5.25, 12.75, 6, 13], "texture": "#4"},
				"east": {"uv": [13, 3.75, 13.5, 4], "texture": "#4"},
				"south": {"uv": [12.75, 5.25, 13.5, 5.5], "texture": "#4"},
				"west": {"uv": [13, 4, 13.5, 4.25], "texture": "#4"},
				"up": {"uv": [4.5, 12.75, 3.75, 12.25], "texture": "#4"},
				"down": {"uv": [13, 4, 12.25, 4.5], "texture": "#4"}
			}
		},
		{
			"from": [5, 22, 7],
			"to": [9, 24, 9],
			"rotation": {"angle": 45, "axis": "y", "origin": [7, 16, 8]},
			"faces": {
				"north": {"uv": [2.25, 11.5, 3.25, 12], "texture": "#4"},
				"east": {"uv": [12.75, 2, 13.25, 2.5], "texture": "#4"},
				"south": {"uv": [11.75, 2, 12.75, 2.5], "texture": "#4"},
				"west": {"uv": [2.25, 12.75, 2.75, 13.25], "texture": "#4"},
				"up": {"uv": [12.75, 3, 11.75, 2.5], "texture": "#4"},
				"down": {"uv": [12.25, 11.75, 11.25, 12.25], "texture": "#4"}
			}
		}
	],
	"display": {
		"gui": {
			"rotation": [0, 180, 0],
			"translation": [0, -0.75, 0],
			"scale": [0.5, 0.5, 0.5]
		}
	},
	"groups": [
		{
			"name": "box",
			"origin": [0, 0, 0],
			"color": 0,
			"children": [0, 1, 2, 3, 4, 5, 6, 7, 8, 9, 10, 11, 12, 13, 14, 15, 16, 17, 18, 19, 20]
		},
		{
			"name": "stock face",
			"origin": [0, 0, -12],
			"color": 0,
			"children": [21, 22, 23, 24, 25, 26, 27, 28, 29, 30, 31, 32, 33, 34, 35]
		},
		{
			"name": "stock face up",
			"origin": [0, 0, -12],
			"color": 0,
			"children": [36, 37, 38, 39, 40, 41, 42, 43, 44, 45, 46, 47, 48, 49, 50]
		}
	]
}