{
	"format_version": "1.21.6",
	"credit": "Made with Blockbench",
	"textures": {
		"0": "block/raw_gold_block",
		"1": "block/glass",
		"particle": "block/raw_gold_block"
	},
	"elements": [
		{
			"from": [3, 11, 3],
			"to": [5, 12, 13],
			"rotation": {"angle": 0, "axis": "y", "origin": [3, 11, 3]},
			"faces": {
				"north": {"uv": [0, 0, 16, 16], "texture": "#1"},
				"east": {"uv": [0, 0, 16, 16], "texture": "#1"},
				"south": {"uv": [0, 0, 16, 16], "texture": "#1"},
				"west": {"uv": [0, 0, 16, 16], "texture": "#1"},
				"up": {"uv": [0, 0, 16, 16], "texture": "#1"},
				"down": {"uv": [0, 0, 16, 16], "texture": "#1"}
			}
		},
		{
			"from": [11, 11, 3],
			"to": [13, 12, 13],
			"rotation": {"angle": 0, "axis": "y", "origin": [11, 11, 3]},
			"faces": {
				"north": {"uv": [0, 0, 16, 16], "texture": "#1"},
				"east": {"uv": [0, 0, 16, 16], "texture": "#1"},
				"south": {"uv": [0, 0, 16, 16], "texture": "#1"},
				"west": {"uv": [0, 0, 16, 16], "texture": "#1"},
				"up": {"uv": [0, 0, 16, 16], "texture": "#1"},
				"down": {"uv": [0, 0, 16, 16], "texture": "#1"}
			}
		},
		{
			"from": [5, 11, 11],
			"to": [11, 12, 13],
			"rotation": {"angle": 0, "axis": "y", "origin": [5, 11, 11]},
			"faces": {
				"north": {"uv": [0, 0, 16, 16], "texture": "#1"},
				"east": {"uv": [0, 0, 16, 16], "texture": "#1"},
				"south": {"uv": [0, 0, 16, 16], "texture": "#1"},
				"west": {"uv": [0, 0, 16, 16], "texture": "#1"},
				"up": {"uv": [0, 0, 16, 16], "texture": "#1"},
				"down": {"uv": [0, 0, 16, 16], "texture": "#1"}
			}
		},
		{
			"from": [5, 11, 3],
			"to": [11, 12, 5],
			"rotation": {"angle": 0, "axis": "y", "origin": [5, 11, 3]},
			"faces": {
				"north": {"uv": [0, 0, 16, 16], "texture": "#1"},
				"east": {"uv": [0, 0, 16, 16], "texture": "#1"},
				"south": {"uv": [0, 0, 16, 16], "texture": "#1"},
				"west": {"uv": [0, 0, 16, 16], "texture": "#1"},
				"up": {"uv": [0, 0, 16, 16], "texture": "#1"},
				"down": {"uv": [0, 0, 16, 16], "texture": "#1"}
			}
		},
		{
			"from": [4, 12, 4],
			"to": [12, 14, 12],
			"rotation": {"angle": 0, "axis": "y", "origin": [4, 12, 4]},
			"faces": {
				"north": {"uv": [0, 0, 16, 16], "texture": "#1"},
				"east": {"uv": [0, 0, 16, 16], "texture": "#1"},
				"south": {"uv": [0, 0, 16, 16], "texture": "#1"},
				"west": {"uv": [0, 0, 16, 16], "texture": "#1"},
				"up": {"uv": [0, 0, 16, 16], "texture": "#1"},
				"down": {"uv": [0, 0, 16, 16], "texture": "#1"}
			}
		},
		{
			"from": [4, 1, 3],
			"to": [13, 11, 4],
			"rotation": {"angle": 0, "axis": "y", "origin": [4, 1, 3]},
			"faces": {
				"north": {"uv": [0, 0, 16, 16], "texture": "#1"},
				"east": {"uv": [0, 0, 16, 16], "texture": "#1"},
				"south": {"uv": [0, 0, 16, 16], "texture": "#1"},
				"west": {"uv": [0, 0, 16, 16], "texture": "#1"},
				"up": {"uv": [0, 0, 16, 16], "texture": "#1"},
				"down": {"uv": [0, 0, 16, 16], "texture": "#1"}
			}
		},
		{
			"from": [4, 1, 12],
			"to": [13, 11, 13],
			"rotation": {"angle": 0, "axis": "y", "origin": [4, 1, 12]},
			"faces": {
				"north": {"uv": [0, 0, 16, 16], "texture": "#1"},
				"east": {"uv": [0, 0, 16, 16], "texture": "#1"},
				"south": {"uv": [0, 0, 16, 16], "texture": "#1"},
				"west": {"uv": [0, 0, 16, 16], "texture": "#1"},
				"up": {"uv": [0, 0, 16, 16], "texture": "#1"},
				"down": {"uv": [0, 0, 16, 16], "texture": "#1"}
			}
		},
		{
			"from": [3, 1, 3],
			"to": [4, 11, 13],
			"rotation": {"angle": 0, "axis": "y", "origin": [3, 1, 3]},
			"faces": {
				"north": {"uv": [0, 0, 16, 16], "texture": "#1"},
				"east": {"uv": [0, 0, 16, 16], "texture": "#1"},
				"south": {"uv": [0, 0, 16, 16], "texture": "#1"},
				"west": {"uv": [0, 0, 16, 16], "texture": "#1"},
				"up": {"uv": [0, 0, 16, 16], "texture": "#1"},
				"down": {"uv": [0, 0, 16, 16], "texture": "#1"}
			}
		},
		{
			"from": [12, 1, 4],
			"to": [13, 11, 12],
			"rotation": {"angle": 0, "axis": "y", "origin": [12, 1, 4]},
			"faces": {
				"north": {"uv": [0, 0, 16, 16], "texture": "#1"},
				"east": {"uv": [0, 0, 16, 16], "texture": "#1"},
				"south": {"uv": [0, 0, 16, 16], "texture": "#1"},
				"west": {"uv": [0, 0, 16, 16], "texture": "#1"},
				"up": {"uv": [0, 0, 16, 16], "texture": "#1"},
				"down": {"uv": [0, 0, 16, 16], "texture": "#1"}
			}
		},
		{
			"from": [3, 0, 3],
			"to": [13, 1, 13],
			"rotation": {"angle": 0, "axis": "y", "origin": [3, 0, 3]},
			"faces": {
				"north": {"uv": [0, 0, 16, 16], "texture": "#1"},
				"east": {"uv": [0, 0, 16, 16], "texture": "#1"},
				"south": {"uv": [0, 0, 16, 16], "texture": "#1"},
				"west": {"uv": [0, 0, 16, 16], "texture": "#1"},
				"up": {"uv": [0, 0, 16, 16], "texture": "#1"},
				"down": {"uv": [0, 0, 16, 16], "texture": "#1"}
			}
		},
		{
			"from": [8, 0, 4],
			"to": [11, 1, 7],
			"rotation": {"angle": 15, "axis": "z", "origin": [8, 0, 4]},
			"faces": {
				"north": {"uv": [9.5, 4, 11, 4.5], "texture": "#0"},
				"east": {"uv": [10, 7, 11.5, 7.5], "texture": "#0"},
				"south": {"uv": [5.5, 10.5, 7, 11], "texture": "#0"},
				"west": {"uv": [7, 10.5, 8.5, 11], "texture": "#0"},
				"up": {"uv": [6.5, 7.5, 5, 6], "texture": "#0"},
				"down": {"uv": [8, 6, 6.5, 7.5], "texture": "#0"}
			}
		},
		{
			"from": [8, 1, 6.5],
			"to": [11, 2, 9.5],
			"rotation": {"angle": 17.5, "axis": "z", "origin": [8, 1, 7]},
			"faces": {
				"north": {"uv": [10.5, 7.5, 12, 8], "texture": "#0"},
				"east": {"uv": [10.5, 8, 12, 8.5], "texture": "#0"},
				"south": {"uv": [8.5, 10.5, 10, 11], "texture": "#0"},
				"west": {"uv": [10.5, 8.5, 12, 9], "texture": "#0"},
				"up": {"uv": [1.5, 9, 0, 7.5], "texture": "#0"},
				"down": {"uv": [3, 7.5, 1.5, 9], "texture": "#0"}
			}
		},
		{
			"from": [4, 0, 4],
			"to": [8, 1, 7],
			"rotation": {"angle": 0, "axis": "y", "origin": [4, 0, 4]},
			"faces": {
				"north": {"uv": [8, 6, 10, 6.5], "texture": "#0"},
				"east": {"uv": [10.5, 9, 12, 9.5], "texture": "#0"},
				"south": {"uv": [8, 6.5, 10, 7], "texture": "#0"},
				"west": {"uv": [10.5, 9.5, 12, 10], "texture": "#0"},
				"up": {"uv": [8, 3, 6, 1.5], "texture": "#0"},
				"down": {"uv": [5, 6, 3, 7.5], "texture": "#0"}
			}
		},
		{
			"from": [4, 4, 4],
			"to": [7, 5, 10],
			"rotation": {"angle": 0, "axis": "y", "origin": [4, 4, 4]},
			"faces": {
				"north": {"uv": [10, 10.5, 11.5, 11], "texture": "#0"},
				"east": {"uv": [3, 7.5, 6, 8], "texture": "#0"},
				"south": {"uv": [10.5, 10, 12, 10.5], "texture": "#0"},
				"west": {"uv": [6, 7.5, 9, 8], "texture": "#0"},
				"up": {"uv": [1.5, 3, 0, 0], "texture": "#0"},
				"down": {"uv": [3, 0, 1.5, 3], "texture": "#0"}
			}
		},
		{
			"from": [4, 0, 11],
			"to": [7, 6, 12],
			"rotation": {"angle": -2.5, "axis": "x", "origin": [4, 0, 11]},
			"faces": {
				"north": {"uv": [0, 3, 1.5, 6], "texture": "#0"},
				"east": {"uv": [8, 1.5, 8.5, 4.5], "texture": "#0"},
				"south": {"uv": [3, 0, 4.5, 3], "texture": "#0"},
				"west": {"uv": [3, 8, 3.5, 11], "texture": "#0"},
				"up": {"uv": [1.5, 11.5, 0, 11], "texture": "#0"},
				"down": {"uv": [12.5, 0, 11, 0.5], "texture": "#0"}
			}
		},
		{
			"from": [8, 0, 11],
			"to": [11, 6, 12],
			"rotation": {"angle": -12.5, "axis": "x", "origin": [8, 0, 11]},
			"faces": {
				"north": {"uv": [1.5, 3, 3, 6], "texture": "#0"},
				"east": {"uv": [3.5, 8, 4, 11], "texture": "#0"},
				"south": {"uv": [3, 3, 4.5, 6], "texture": "#0"},
				"west": {"uv": [4, 8, 4.5, 11], "texture": "#0"},
				"up": {"uv": [12.5, 1, 11, 0.5], "texture": "#0"},
				"down": {"uv": [3, 11, 1.5, 11.5], "texture": "#0"}
			}
		},
		{
			"from": [7, 3, 4],
			"to": [10, 4, 10],
			"rotation": {"angle": 2.5, "axis": "x", "origin": [7, 3, 4]},
			"faces": {
				"north": {"uv": [3, 11, 4.5, 11.5], "texture": "#0"},
				"east": {"uv": [4.5, 8, 7.5, 8.5], "texture": "#0"},
				"south": {"uv": [11, 4, 12.5, 4.5], "texture": "#0"},
				"west": {"uv": [8, 4.5, 11, 5], "texture": "#0"},
				"up": {"uv": [6, 3, 4.5, 0], "texture": "#0"},
				"down": {"uv": [6, 3, 4.5, 6], "texture": "#0"}
			}
		},
		{
			"from": [6, 6, 4],
			"to": [12, 7, 7],
			"rotation": {"angle": -25, "axis": "z", "origin": [6, 6, 4]},
			"faces": {
				"north": {"uv": [8, 5, 11, 5.5], "texture": "#0"},
				"east": {"uv": [11, 4.5, 12.5, 5], "texture": "#0"},
				"south": {"uv": [8, 5.5, 11, 6], "texture": "#0"},
				"west": {"uv": [11, 5, 12.5, 5.5], "texture": "#0"},
				"up": {"uv": [3, 7.5, 0, 6], "texture": "#0"},
				"down": {"uv": [9, 0, 6, 1.5], "texture": "#0"}
			}
		},
		{
			"from": [4, 1, 8],
			"to": [8, 2, 11],
			"rotation": {"angle": 20, "axis": "y", "origin": [4, 1, 8]},
			"faces": {
				"north": {"uv": [8, 7, 10, 7.5], "texture": "#0"},
				"east": {"uv": [5.5, 11, 7, 11.5], "texture": "#0"},
				"south": {"uv": [7.5, 8, 9.5, 8.5], "texture": "#0"},
				"west": {"uv": [11, 5.5, 12.5, 6], "texture": "#0"},
				"up": {"uv": [8, 4.5, 6, 3], "texture": "#0"},
				"down": {"uv": [8, 4.5, 6, 6], "texture": "#0"}
			}
		},
		{
			"from": [5.99, 1.99, 5.99],
			"to": [8.01, 3.01, 8.01],
			"rotation": {"angle": 0, "axis": "y", "origin": [6, 2, 6]},
			"faces": {
				"north": {"uv": [11, 6, 12, 6.5], "texture": "#0"},
				"east": {"uv": [11, 6.5, 12, 7], "texture": "#0"},
				"south": {"uv": [7, 11, 8, 11.5], "texture": "#0"},
				"west": {"uv": [8, 11, 9, 11.5], "texture": "#0"},
				"up": {"uv": [9.5, 2.5, 8.5, 1.5], "texture": "#0"},
				"down": {"uv": [9.5, 2.5, 8.5, 3.5], "texture": "#0"}
			}
		},
		{
			"from": [3.99, 0.99, 3.99],
			"to": [6.01, 2.01, 6.01],
			"rotation": {"angle": 0, "axis": "y", "origin": [4, 1, 4]},
			"faces": {
				"north": {"uv": [9, 11, 10, 11.5], "texture": "#0"},
				"east": {"uv": [10, 11, 11, 11.5], "texture": "#0"},
				"south": {"uv": [11, 11, 12, 11.5], "texture": "#0"},
				"west": {"uv": [0, 11.5, 1, 12], "texture": "#0"},
				"up": {"uv": [9.5, 4.5, 8.5, 3.5], "texture": "#0"},
				"down": {"uv": [5.5, 8.5, 4.5, 9.5], "texture": "#0"}
			}
		},
		{
			"from": [10.99, -0.01, 3.99],
			"to": [12.01, 2.01, 6.01],
			"rotation": {"angle": 0, "axis": "y", "origin": [11, 0, 4]},
			"faces": {
				"north": {"uv": [1, 11.5, 1.5, 12.5], "texture": "#0"},
				"east": {"uv": [5.5, 8.5, 6.5, 9.5], "texture": "#0"},
				"south": {"uv": [11.5, 1, 12, 2], "texture": "#0"},
				"west": {"uv": [6.5, 8.5, 7.5, 9.5], "texture": "#0"},
				"up": {"uv": [2, 12.5, 1.5, 11.5], "texture": "#0"},
				"down": {"uv": [2.5, 11.5, 2, 12.5], "texture": "#0"}
			}
		},
		{
			"from": [10.99, 1.99, 5.99],
			"to": [12.01, 4.01, 8.01],
			"rotation": {"angle": 20, "axis": "x", "origin": [11, 2, 6]},
			"faces": {
				"north": {"uv": [11.5, 2, 12, 3], "texture": "#0"},
				"east": {"uv": [7.5, 8.5, 8.5, 9.5], "texture": "#0"},
				"south": {"uv": [2.5, 11.5, 3, 12.5], "texture": "#0"},
				"west": {"uv": [8.5, 8.5, 9.5, 9.5], "texture": "#0"},
				"up": {"uv": [3.5, 12.5, 3, 11.5], "texture": "#0"},
				"down": {"uv": [12, 3, 11.5, 4], "texture": "#0"}
			}
		},
		{
			"from": [9.99, -0.01, 5.99],
			"to": [12.01, 1.01, 8.01],
			"rotation": {"angle": 0, "axis": "x", "origin": [10, 0, 6]},
			"faces": {
				"north": {"uv": [3.5, 11.5, 4.5, 12], "texture": "#0"},
				"east": {"uv": [4.5, 11.5, 5.5, 12], "texture": "#0"},
				"south": {"uv": [5.5, 11.5, 6.5, 12], "texture": "#0"},
				"west": {"uv": [6.5, 11.5, 7.5, 12], "texture": "#0"},
				"up": {"uv": [1, 10, 0, 9], "texture": "#0"},
				"down": {"uv": [10, 0, 9, 1], "texture": "#0"}
			}
		},
		{
			"from": [9.99, 4.99, 5.99],
			"to": [12.01, 6.01, 8.01],
			"rotation": {"angle": 0, "axis": "x", "origin": [10, 5, 6]},
			"faces": {
				"north": {"uv": [11.5, 7, 12.5, 7.5], "texture": "#0"},
				"east": {"uv": [7.5, 11.5, 8.5, 12], "texture": "#0"},
				"south": {"uv": [8.5, 11.5, 9.5, 12], "texture": "#0"},
				"west": {"uv": [9.5, 11.5, 10.5, 12], "texture": "#0"},
				"up": {"uv": [2, 10, 1, 9], "texture": "#0"},
				"down": {"uv": [3, 9, 2, 10], "texture": "#0"}
			}
		},
		{
			"from": [3.99, -0.01, 7.99],
			"to": [6.01, 1.01, 10.01],
			"rotation": {"angle": 0, "axis": "y", "origin": [4, 0, 8]},
			"faces": {
				"north": {"uv": [10.5, 11.5, 11.5, 12], "texture": "#0"},
				"east": {"uv": [11.5, 10.5, 12.5, 11], "texture": "#0"},
				"south": {"uv": [11.5, 11.5, 12.5, 12], "texture": "#0"},
				"west": {"uv": [0, 12, 1, 12.5], "texture": "#0"},
				"up": {"uv": [10.5, 2, 9.5, 1], "texture": "#0"},
				"down": {"uv": [10.5, 2, 9.5, 3], "texture": "#0"}
			}
		},
		{
			"from": [9, 0, 8],
			"to": [11, 1, 10],
			"rotation": {"angle": 0, "axis": "y", "origin": [9, 0, 8]},
			"faces": {
				"north": {"uv": [12, 1, 13, 1.5], "texture": "#0"},
				"east": {"uv": [12, 1.5, 13, 2], "texture": "#0"},
				"south": {"uv": [12, 2, 13, 2.5], "texture": "#0"},
				"west": {"uv": [12, 2.5, 13, 3], "texture": "#0"},
				"up": {"uv": [10.5, 4, 9.5, 3], "texture": "#0"},
				"down": {"uv": [5.5, 9.5, 4.5, 10.5], "texture": "#0"}
			}
		},
		{
			"from": [7, 4, 8],
			"to": [9, 5, 10],
			"rotation": {"angle": -15, "axis": "z", "origin": [7, 4, 8]},
			"faces": {
				"north": {"uv": [12, 3, 13, 3.5], "texture": "#0"},
				"east": {"uv": [3.5, 12, 4.5, 12.5], "texture": "#0"},
				"south": {"uv": [12, 3.5, 13, 4], "texture": "#0"},
				"west": {"uv": [4.5, 12, 5.5, 12.5], "texture": "#0"},
				"up": {"uv": [6.5, 10.5, 5.5, 9.5], "texture": "#0"},
				"down": {"uv": [7.5, 9.5, 6.5, 10.5], "texture": "#0"}
			}
		},
		{
			"from": [5, 5, 7],
			"to": [7, 6, 9],
			"rotation": {"angle": 10, "axis": "x", "origin": [5, 5, 7]},
			"faces": {
				"north": {"uv": [5.5, 12, 6.5, 12.5], "texture": "#0"},
				"east": {"uv": [12, 6, 13, 6.5], "texture": "#0"},
				"south": {"uv": [6.5, 12, 7.5, 12.5], "texture": "#0"},
				"west": {"uv": [12, 6.5, 13, 7], "texture": "#0"},
				"up": {"uv": [8.5, 10.5, 7.5, 9.5], "texture": "#0"},
				"down": {"uv": [10.5, 7.5, 9.5, 8.5], "texture": "#0"}
			}
		},
		{
			"from": [7.99, -0.01, 7.99],
			"to": [10.01, 1.01, 10.01],
			"rotation": {"angle": 37.5, "axis": "z", "origin": [8, 0, 8]},
			"faces": {
				"north": {"uv": [7.5, 12, 8.5, 12.5], "texture": "#0"},
				"east": {"uv": [12, 7.5, 13, 8], "texture": "#0"},
				"south": {"uv": [12, 8, 13, 8.5], "texture": "#0"},
				"west": {"uv": [8.5, 12, 9.5, 12.5], "texture": "#0"},
				"up": {"uv": [9.5, 10.5, 8.5, 9.5], "texture": "#0"},
				"down": {"uv": [10.5, 8.5, 9.5, 9.5], "texture": "#0"}
			}
		},
		{
			"from": [3.99, 5.99, 4.99],
			"to": [6.01, 7.01, 7.01],
			"rotation": {"angle": -15, "axis": "x", "origin": [4, 6, 5]},
			"faces": {
				"north": {"uv": [12, 8.5, 13, 9], "texture": "#0"},
				"east": {"uv": [12, 9, 13, 9.5], "texture": "#0"},
				"south": {"uv": [9.5, 12, 10.5, 12.5], "texture": "#0"},
				"west": {"uv": [12, 9.5, 13, 10], "texture": "#0"},
				"up": {"uv": [10.5, 10.5, 9.5, 9.5], "texture": "#0"},
				"down": {"uv": [1, 10, 0, 11], "texture": "#0"}
			}
		},
		{
			"from": [3.99, 5.99, 7.99],
			"to": [6.01, 7.01, 10.01],
			"rotation": {"angle": 20, "axis": "x", "origin": [4, 6, 8]},
			"faces": {
				"north": {"uv": [12, 10, 13, 10.5], "texture": "#0"},
				"east": {"uv": [10.5, 12, 11.5, 12.5], "texture": "#0"},
				"south": {"uv": [12, 11, 13, 11.5], "texture": "#0"},
				"west": {"uv": [11.5, 12, 12.5, 12.5], "texture": "#0"},
				"up": {"uv": [11, 1, 10, 0], "texture": "#0"},
				"down": {"uv": [2, 10, 1, 11], "texture": "#0"}
			}
		},
		{
			"from": [6.99, 0.99, 3.99],
			"to": [9.01, 2.01, 6.01],
			"rotation": {"angle": 17.5, "axis": "z", "origin": [7, 1, 4]},
			"faces": {
				"north": {"uv": [0, 12.5, 1, 13], "texture": "#0"},
				"east": {"uv": [12.5, 0, 13.5, 0.5], "texture": "#0"},
				"south": {"uv": [12.5, 0.5, 13.5, 1], "texture": "#0"},
				"west": {"uv": [1, 12.5, 2, 13], "texture": "#0"},
				"up": {"uv": [3, 11, 2, 10], "texture": "#0"},
				"down": {"uv": [11, 6, 10, 7], "texture": "#0"}
			}
		},
		{
			"from": [7.99, 1.99, 5.99],
			"to": [10.01, 3.01, 8.01],
			"rotation": {"angle": -25, "axis": "x", "origin": [8, 2, 6]},
			"faces": {
				"north": {"uv": [2, 12.5, 3, 13], "texture": "#0"},
				"east": {"uv": [3, 12.5, 4, 13], "texture": "#0"},
				"south": {"uv": [4, 12.5, 5, 13], "texture": "#0"},
				"west": {"uv": [12.5, 4, 13.5, 4.5], "texture": "#0"},
				"up": {"uv": [11.5, 2, 10.5, 1], "texture": "#0"},
				"down": {"uv": [11.5, 2, 10.5, 3], "texture": "#0"}
			}
		},
		{
			"from": [4.99, 1.99, 8.99],
			"to": [7.01, 3.01, 11.01],
			"rotation": {"angle": -22.5, "axis": "x", "origin": [5, 2, 9]},
			"faces": {
				"north": {"uv": [12.5, 4.5, 13.5, 5], "texture": "#0"},
				"east": {"uv": [5, 12.5, 6, 13], "texture": "#0"},
				"south": {"uv": [12.5, 5, 13.5, 5.5], "texture": "#0"},
				"west": {"uv": [12.5, 5.5, 13.5, 6], "texture": "#0"},
				"up": {"uv": [11.5, 4, 10.5, 3], "texture": "#0"},
				"down": {"uv": [5.5, 10.5, 4.5, 11.5], "texture": "#0"}
			}
		}
	],
	"display": {
		"head": {
			"scale": [2, 2, 2]
		}
	},
	"groups": [
		{
			"name": "group",
			"origin": [2, 0, 2],
			"color": 0,
			"children": [0, 1, 2, 3, 4, 5, 6, 7, 8, 9]
		},
		{
			"name": "group",
			"origin": [0, 0, 4],
			"color": 0,
			"children": [10, 11, 12, 13, 14, 15, 16, 17, 18]
		},
		{
			"name": "group",
			"origin": [5, 2, 9],
			"color": 0,
			"children": [19, 20, 21, 22, 23, 24, 25, 26, 27, 28, 29, 30, 31, 32, 33, 34]
		}
	]
}