{
	"format_version": "1.21.6",
	"credit": "Made with Blockbench",
	"texture_size": [64, 64],
	"textures": {
		"0": "block/red_wool",
		"particle": "block/red_wool"
	},
	"elements": [
		{
			"from": [-16, 1.2, -9],
			"to": [12, 2.2, 2],
			"rotation": {"angle": -7.5, "axis": "x", "origin": [0, 1.2, 0]},
			"faces": {
				"north": {"uv": [7, 2.75, 14, 3], "texture": "#0"},
				"east": {"uv": [7, 4.25, 9.75, 4.5], "texture": "#0"},
				"south": {"uv": [7, 3, 14, 3.25], "texture": "#0"},
				"west": {"uv": [7, 4.5, 9.75, 4.75], "texture": "#0"},
				"up": {"uv": [7, 2.75, 0, 0], "texture": "#0"},
				"down": {"uv": [7, 2.75, 0, 5.5], "texture": "#0"}
			}
		},
		{
			"from": [-16, 0.45, -6],
			"to": [12, 1.45, 1],
			"rotation": {"angle": 0, "axis": "x", "origin": [0, 0.45, -1]},
			"faces": {
				"north": {"uv": [7, 3.25, 14, 3.5], "texture": "#0"},
				"east": {"uv": [7, 4.75, 8.75, 5], "texture": "#0"},
				"south": {"uv": [7, 3.5, 14, 3.75], "texture": "#0"},
				"west": {"uv": [7, 5, 8.75, 5.25], "texture": "#0"},
				"up": {"uv": [7, 7.25, 0, 5.5], "texture": "#0"},
				"down": {"uv": [14, 0, 7, 1.75], "texture": "#0"}
			}
		},
		{
			"from": [-16, 0.75, 0.5],
			"to": [12, 2.75, 1.5],
			"rotation": {"angle": 30, "axis": "x", "origin": [0, 0.75, 0.5]},
			"faces": {
				"north": {"uv": [7, 1.75, 14, 2.25], "texture": "#0"},
				"east": {"uv": [7, 5.25, 7.25, 5.75], "texture": "#0"},
				"south": {"uv": [7, 2.25, 14, 2.75], "texture": "#0"},
				"west": {"uv": [7, 5.75, 7.25, 6.25], "texture": "#0"},
				"up": {"uv": [14, 4, 7, 3.75], "texture": "#0"},
				"down": {"uv": [14, 4, 7, 4.25], "texture": "#0"}
			}
		}
	],
	"display": {
		"thirdperson_righthand": {
			"translation": [5.25, 2, 6],
			"scale": [0.5, 0.5, 0.5]
		},
		"thirdperson_lefthand": {
			"translation": [-5, 2, 6],
			"scale": [0.5, 0.5, 0.5]
		},
		"firstperson_righthand": {
			"rotation": [0, 180, 0],
			"translation": [13.75, 4.5, -21.5]
		},
		"firstperson_lefthand": {
			"rotation": [0, 180, 0],
			"translation": [34.5, 4.5, -21.5]
		},
		"ground": {
			"translation": [12, 4.5, 11.5]
		},
		"gui": {
			"rotation": [45, 45, 0],
			"translation": [12, 1.25, 0],
			"scale": [0.5, 1, 1]
		},
		"head": {
			"translation": [9.5, 1.75, 0]
		},
		"fixed": {
			"translation": [10, 6, 6.75]
		}
	}
}